origin,crop_url,box,label,score
https://i.pinimg.com/736x/67/63/c6/6763c6e46c00015206dfc4575be58b1c.jpg,http://localhost:8000/images/222136be12154c0a9c18fdfa35068bca.jpg,"156,1170,295,1293",outer,0.9365755915641785
https://i.pinimg.com/736x/67/63/c6/6763c6e46c00015206dfc4575be58b1c.jpg,http://localhost:8000/images/47d2243d00654c4d95734d1c85def2e3.jpg,"199,628,505,1193",bottom,0.9110013842582703
https://i.pinimg.com/736x/67/63/c6/6763c6e46c00015206dfc4575be58b1c.jpg,http://localhost:8000/images/7b3a0bacd99847c39eadd64e381d7484.jpg,"424,1184,508,1310",outer,0.9167231321334839
https://i.pinimg.com/736x/67/63/c6/6763c6e46c00015206dfc4575be58b1c.jpg,http://localhost:8000/images/234b0506e6254a339d981e6c17fa557a.jpg,"149,250,563,706",shoes,0.8712377548217773
https://i.pinimg.com/736x/67/63/c6/6763c6e46c00015206dfc4575be58b1c.jpg,http://localhost:8000/images/8a3a76b39bf44dd8abd89919e03422f0.jpg,"246,266,492,731",top,0.7301046848297119
https://i.pinimg.com/736x/79/fb/af/79fbafa8122e76692ec94b6482ff711a.jpg,http://localhost:8000/images/09fa87e74e1943ee915f29ce76c42058.jpg,"26,1,544,460",top,0.8463066220283508
https://i.pinimg.com/736x/79/fb/af/79fbafa8122e76692ec94b6482ff711a.jpg,http://localhost:8000/images/2a984cef406e4a538dcfa17e2c062b61.jpg,"111,357,564,745",bottom,0.7068891525268555
https://i.pinimg.com/736x/31/bd/58/31bd5842980dd8a116305e39af40f70b.jpg,http://localhost:8000/images/5fe8871e643d4a94814616e540137eb3.jpg,"99,867,481,1178",bottom,0.7255797982215881
https://i.pinimg.com/736x/31/bd/58/31bd5842980dd8a116305e39af40f70b.jpg,http://localhost:8000/images/943f4ce8d7644363ac5d12831e11678c.jpg,"47,346,531,955",top,0.4223030209541321
https://i.pinimg.com/736x/31/bd/58/31bd5842980dd8a116305e39af40f70b.jpg,http://localhost:8000/images/24fa2ba8f8f64da1a47c3da9b0acef35.jpg,"47,346,531,955",top,0.4223030209541321
https://i.pinimg.com/736x/c8/01/87/c801877dbcd3743d948aaacff14cca8b.jpg,http://localhost:8000/images/f3df24701fce4f73a49aed806ed2f500.jpg,"168,446,496,1093",bottom,0.9169929027557373
https://i.pinimg.com/736x/c8/01/87/c801877dbcd3743d948aaacff14cca8b.jpg,http://localhost:8000/images/0a8d93642a694ba5979a7a902bf2582a.jpg,"359,1040,470,1135",outer,0.8986107110977173
https://i.pinimg.com/736x/c8/01/87/c801877dbcd3743d948aaacff14cca8b.jpg,http://localhost:8000/images/cbfff88077eb4057aee454c6accdb724.jpg,"178,1068,266,1149",outer,0.8533273339271545
https://i.pinimg.com/736x/c8/01/87/c801877dbcd3743d948aaacff14cca8b.jpg,http://localhost:8000/images/70214321ce9f4068a40bde9fe8d7b14e.jpg,"157,6,534,517",top,0.8340571522712708
https://i.pinimg.com/736x/c8/01/87/c801877dbcd3743d948aaacff14cca8b.jpg,http://localhost:8000/images/c36838803e524392ad3dd527578a076e.jpg,"140,22,459,544",bag,0.7752879858016968
https://i.pinimg.com/736x/4b/c7/bc/4bc7bc121fa1ed413b58d7fce6ed68a2.jpg,http://localhost:8000/images/8088a2e3a6e64ad892e607978f842404.jpg,"173,861,240,981",outer,0.9085285067558289
https://i.pinimg.com/736x/4b/c7/bc/4bc7bc121fa1ed413b58d7fce6ed68a2.jpg,http://localhost:8000/images/523d54d02c72456882940feaa5e2acea.jpg,"125,897,177,981",outer,0.8861276507377625
https://i.pinimg.com/736x/4b/c7/bc/4bc7bc121fa1ed413b58d7fce6ed68a2.jpg,http://localhost:8000/images/3632a4d660274856b7033ed84d013031.jpg,"78,543,263,894",bottom,0.828334629535675
https://i.pinimg.com/736x/4b/c7/bc/4bc7bc121fa1ed413b58d7fce6ed68a2.jpg,http://localhost:8000/images/89e03638bc1e4a2aa3f486c7fe36c1f7.jpg,"80,275,336,580",top,0.663164496421814
https://i.pinimg.com/736x/4b/c7/bc/4bc7bc121fa1ed413b58d7fce6ed68a2.jpg,http://localhost:8000/images/b8918304f6a74b86b11ab446c6755f6d.jpg,"74,280,343,570",shoes,0.5059899687767029
https://i.pinimg.com/736x/8e/4c/70/8e4c70b3e351d876de62b93e2a02870e.jpg,http://localhost:8000/images/15caef05d5d046db8695ac6417629541.jpg,"168,805,247,948",outer,0.9607911705970764
https://i.pinimg.com/736x/8e/4c/70/8e4c70b3e351d876de62b93e2a02870e.jpg,http://localhost:8000/images/8389f334cd0a41648931f3f421d93508.jpg,"287,923,398,985",outer,0.9239043593406677
https://i.pinimg.com/736x/8e/4c/70/8e4c70b3e351d876de62b93e2a02870e.jpg,http://localhost:8000/images/f28ea8ce93ce4e2594146b6e8b5c0f30.jpg,"207,475,428,934",bottom,0.9113598465919495
https://i.pinimg.com/736x/8e/4c/70/8e4c70b3e351d876de62b93e2a02870e.jpg,http://localhost:8000/images/9199969559094d1fb144d061ca4d766d.jpg,"185,126,445,514",shoes,0.8367186188697815
https://i.pinimg.com/736x/8e/4c/70/8e4c70b3e351d876de62b93e2a02870e.jpg,http://localhost:8000/images/591e00efeae4439194049b950ddbd23e.jpg,"342,163,415,480",top,0.758369505405426
https://i.pinimg.com/736x/46/63/e2/4663e2bb6d81ac01485db3c5a09d7845.jpg,http://localhost:8000/images/1a7402bf5d2747fea780b483cf9e432b.jpg,"223,555,505,1190",bottom,0.9199480414390564
https://i.pinimg.com/736x/46/63/e2/4663e2bb6d81ac01485db3c5a09d7845.jpg,http://localhost:8000/images/57bc2a753dae468aa878c996962e0c84.jpg,"337,1177,425,1285",outer,0.8804245591163635
https://i.pinimg.com/736x/46/63/e2/4663e2bb6d81ac01485db3c5a09d7845.jpg,http://localhost:8000/images/bfebb171187241eca7c891336e8c01db.jpg,"258,1128,349,1261",outer,0.8684597611427307
https://i.pinimg.com/736x/46/63/e2/4663e2bb6d81ac01485db3c5a09d7845.jpg,http://localhost:8000/images/7321630ddf644fdb8591ec48092c6d6f.jpg,"163,174,591,560",top,0.8573576211929321
https://i.pinimg.com/736x/36/b4/67/36b467291732dfa3a2ce81d6abdbdef3.jpg,http://localhost:8000/images/7279d274198d473da62ee4557b34dd24.jpg,"240,150,729,916",shoes,0.6820254921913147
https://i.pinimg.com/736x/01/91/5d/01915d314aa93d13e660434a0c9eb142.jpg,http://localhost:8000/images/3405f99d187641de922265feba9aebdf.jpg,"271,506,666,1197",bottom,0.8398415446281433
https://i.pinimg.com/736x/01/91/5d/01915d314aa93d13e660434a0c9eb142.jpg,http://localhost:8000/images/950d4c15336341419748f5b5af24092e.jpg,"193,-3,669,586",top,0.7541956901550293
https://i.pinimg.com/736x/e1/8b/11/e18b11da485fcb28364f1c8c2e81c7eb.jpg,http://localhost:8000/images/83911f0fb5614421b2ebc36bd37d87f9.jpg,"151,695,213,770",outer,0.9487735629081726
https://i.pinimg.com/736x/e1/8b/11/e18b11da485fcb28364f1c8c2e81c7eb.jpg,http://localhost:8000/images/0b4459e42cb44b1fa957de0ed12f448d.jpg,"231,689,323,762",outer,0.9360215067863464
https://i.pinimg.com/736x/e1/8b/11/e18b11da485fcb28364f1c8c2e81c7eb.jpg,http://localhost:8000/images/8d4bc420d11a472fa44abc1fdf29bedc.jpg,"142,354,308,711",bottom,0.7921738624572754
https://i.pinimg.com/736x/e1/8b/11/e18b11da485fcb28364f1c8c2e81c7eb.jpg,http://localhost:8000/images/26219464d97f490bad5eae1f24305d0f.jpg,"150,84,364,382",shoes,0.7577828764915466
https://i.pinimg.com/736x/e1/8b/11/e18b11da485fcb28364f1c8c2e81c7eb.jpg,http://localhost:8000/images/abbf3f0c4be64c539676aa58d3b8d881.jpg,"164,83,346,485",top,0.42135611176490784
https://i.pinimg.com/736x/86/24/2e/86242e03407354759ea7b557870dc3bb.jpg,http://localhost:8000/images/63c03c3dcbe749269f1137e9a91fa3c6.jpg,"371,938,436,984",outer,0.9174589514732361
https://i.pinimg.com/736x/86/24/2e/86242e03407354759ea7b557870dc3bb.jpg,http://localhost:8000/images/a0c1c36fee08466483895a1c6019725a.jpg,"246,962,316,1010",outer,0.9075244665145874
https://i.pinimg.com/736x/86/24/2e/86242e03407354759ea7b557870dc3bb.jpg,http://localhost:8000/images/593457a656194c81aed23c7233661850.jpg,"238,597,420,967",bottom,0.8876243233680725
https://i.pinimg.com/736x/86/24/2e/86242e03407354759ea7b557870dc3bb.jpg,http://localhost:8000/images/51fb9b7624e24772b977467234ab77dc.jpg,"161,341,428,606",top,0.8799580931663513
https://i.pinimg.com/736x/86/24/2e/86242e03407354759ea7b557870dc3bb.jpg,http://localhost:8000/images/349d2ce73ac3408b8afea535fc93e4d9.jpg,"178,364,266,608",bag,0.8500027060508728
https://i.pinimg.com/736x/86/24/2e/86242e03407354759ea7b557870dc3bb.jpg,http://localhost:8000/images/b505eaeaeaa241ed84d47900972dc718.jpg,"258,234,364,287",hat,0.8295888900756836
https://i.pinimg.com/736x/28/65/53/2865536577c01041f177bbe363504e09.jpg,http://localhost:8000/images/b83ee236e45b40f887a0c782df5cd009.jpg,"368,1055,431,1141",outer,0.9269936084747314
https://i.pinimg.com/736x/28/65/53/2865536577c01041f177bbe363504e09.jpg,http://localhost:8000/images/4edc6d0fe38e479580e1dae97848870e.jpg,"278,1069,361,1158",outer,0.9267153739929199
https://i.pinimg.com/736x/28/65/53/2865536577c01041f177bbe363504e09.jpg,http://localhost:8000/images/b0d60275907e4cb1a4ae066d29e21a95.jpg,"295,676,470,1085",bottom,0.8753484487533569
https://i.pinimg.com/736x/28/65/53/2865536577c01041f177bbe363504e09.jpg,http://localhost:8000/images/6dba170188634e52bc73fd38cb8c99bf.jpg,"283,452,510,708",top,0.7687068581581116
https://i.pinimg.com/736x/04/1e/63/041e63ad66aa75f25da7af6ff63c225b.jpg,http://localhost:8000/images/1bf5573ca7dc40ac8f2b483eafdc232e.jpg,"277,901,348,992",outer,0.9082887768745422
https://i.pinimg.com/736x/04/1e/63/041e63ad66aa75f25da7af6ff63c225b.jpg,http://localhost:8000/images/3ef9958636354c80a45ea8adc2eafa0d.jpg,"195,536,387,888",bottom,0.8597777485847473
https://i.pinimg.com/736x/04/1e/63/041e63ad66aa75f25da7af6ff63c225b.jpg,http://localhost:8000/images/59fda35730844affabcf24636a504061.jpg,"325,854,391,989",outer,0.883137583732605
https://i.pinimg.com/736x/04/1e/63/041e63ad66aa75f25da7af6ff63c225b.jpg,http://localhost:8000/images/6d2e64cafbe14ea6bb2aae506f4848c5.jpg,"213,296,436,550",top,0.6688928008079529
https://i.pinimg.com/736x/61/e4/6d/61e46de9f55df8fa0998f82c99cfbac5.jpg,http://localhost:8000/images/6714ee0c126b47ef8cbd7aab213e26fa.jpg,"231,930,331,1055",outer,0.9376776814460754
https://i.pinimg.com/736x/61/e4/6d/61e46de9f55df8fa0998f82c99cfbac5.jpg,http://localhost:8000/images/4255fb9f3ed94adf9dc4324f7737116c.jpg,"227,218,507,480",top,0.9195317625999451
https://i.pinimg.com/736x/61/e4/6d/61e46de9f55df8fa0998f82c99cfbac5.jpg,http://localhost:8000/images/5dd89e59e217443387e5848a07940d8c.jpg,"498,911,632,1024",outer,0.9129503965377808
https://i.pinimg.com/736x/61/e4/6d/61e46de9f55df8fa0998f82c99cfbac5.jpg,http://localhost:8000/images/66229e3ccb1c42f5829f3a5478103aba.jpg,"224,475,590,943",bottom,0.9046244621276855
https://i.pinimg.com/736x/61/e4/6d/61e46de9f55df8fa0998f82c99cfbac5.jpg,http://localhost:8000/images/e9c07464e69d48bd9f83d7e30613820c.jpg,"286,81,432,170",hat,0.7383714318275452
https://i.pinimg.com/736x/f0/a3/03/f0a303dadacb992b9e574f537ae0d6b5.jpg,http://localhost:8000/images/22e4ec6ffad44083a84e9164490a955b.jpg,"382,1124,458,1176",outer,0.9397515654563904
https://i.pinimg.com/736x/f0/a3/03/f0a303dadacb992b9e574f537ae0d6b5.jpg,http://localhost:8000/images/5fcd87bd333242eab71b15819f0a1b96.jpg,"256,570,453,1142",bottom,0.9089357256889343
https://i.pinimg.com/736x/f0/a3/03/f0a303dadacb992b9e574f537ae0d6b5.jpg,http://localhost:8000/images/6f92c17871314cc3afdf07de5b5cdcb5.jpg,"261,1105,358,1145",outer,0.9061666131019592
https://i.pinimg.com/736x/f0/a3/03/f0a303dadacb992b9e574f537ae0d6b5.jpg,http://localhost:8000/images/53e3c028ad2849da8cb5ea50db0e73b1.jpg,"234,318,476,575",top,0.8821569085121155
https://i.pinimg.com/736x/f0/a3/03/f0a303dadacb992b9e574f537ae0d6b5.jpg,http://localhost:8000/images/772e80d6765b4d658a534dfaf9cd3cc2.jpg,"214,195,363,266",hat,0.7791345119476318
https://i.pinimg.com/736x/f0/a3/03/f0a303dadacb992b9e574f537ae0d6b5.jpg,http://localhost:8000/images/0cd9ec40867048c9815880b30c5d3ed8.jpg,"108,584,265,826",shoes,0.5944900512695312
https://i.pinimg.com/736x/ed/49/0a/ed490a42bafbd95dd6348aaff8bac9bf.jpg,http://localhost:8000/images/45dcc4df4e5241e79bdab8a8ddc048e7.jpg,"67,997,213,1073",outer,0.9058728218078613
https://i.pinimg.com/736x/ed/49/0a/ed490a42bafbd95dd6348aaff8bac9bf.jpg,http://localhost:8000/images/89a9a993419d46ab8060ee04499cc494.jpg,"342,452,440,526",hat,0.7999110221862793
https://i.pinimg.com/736x/ed/49/0a/ed490a42bafbd95dd6348aaff8bac9bf.jpg,http://localhost:8000/images/2feab4b59e904999b65d3177a7a1c17d.jpg,"95,644,591,1003",bottom,0.6113654971122742
https://i.pinimg.com/736x/ed/49/0a/ed490a42bafbd95dd6348aaff8bac9bf.jpg,http://localhost:8000/images/ba8ec039cb7046f28c2bad447a264cb7.jpg,"327,547,504,795",top,0.5205734968185425
https://i.pinimg.com/736x/ed/49/0a/ed490a42bafbd95dd6348aaff8bac9bf.jpg,http://localhost:8000/images/356864e161e84fddb83353ca1ac8785c.jpg,"41,735,163,811",outer,0.6805377006530762
https://i.pinimg.com/736x/be/92/6f/be926f43b6bb62f850c70c2747cab2eb.jpg,http://localhost:8000/images/d8b6754ee08a4b9487e0ab2200ecc7db.jpg,"285,605,454,706",outer,0.9493026733398438
https://i.pinimg.com/736x/be/92/6f/be926f43b6bb62f850c70c2747cab2eb.jpg,http://localhost:8000/images/37da441e61574ba5ae01b4ad198da6ef.jpg,"162,710,275,842",outer,0.9075432419776917
https://i.pinimg.com/736x/be/92/6f/be926f43b6bb62f850c70c2747cab2eb.jpg,http://localhost:8000/images/e26aab7d13324b8e98cc319cfdbce9fe.jpg,"65,289,435,660",bottom,0.7294173240661621
https://i.pinimg.com/736x/c2/17/57/c21757c18167e5f0911eefc1887217e2.jpg,http://localhost:8000/images/16074d308509416fa3b21269a9579c8f.jpg,"393,1268,485,1341",outer,0.9123436212539673
https://i.pinimg.com/736x/c2/17/57/c21757c18167e5f0911eefc1887217e2.jpg,http://localhost:8000/images/c006188642c841ca92449574e5e08090.jpg,"279,1298,343,1378",outer,0.9016517400741577
https://i.pinimg.com/736x/c2/17/57/c21757c18167e5f0911eefc1887217e2.jpg,http://localhost:8000/images/99ec7db2af2444c59f18eaae2c99c14d.jpg,"265,859,507,1312",bottom,0.8802229166030884
https://i.pinimg.com/736x/c2/17/57/c21757c18167e5f0911eefc1887217e2.jpg,http://localhost:8000/images/420b4b563cdc43f69dc4e7180b1aa33e.jpg,"354,445,443,514",hat,0.835648238658905
https://i.pinimg.com/736x/c2/17/57/c21757c18167e5f0911eefc1887217e2.jpg,http://localhost:8000/images/a599e23a04a8422996a9970e1aaebcea.jpg,"248,556,537,895",top,0.48078644275665283
https://i.pinimg.com/736x/f9/49/c2/f949c243ec3ab579a70e73d6a1e263d0.jpg,http://localhost:8000/images/ef4d3dcef2ef4934b42459a057196244.jpg,"379,1183,469,1265",outer,0.8945020437240601
https://i.pinimg.com/736x/f9/49/c2/f949c243ec3ab579a70e73d6a1e263d0.jpg,http://localhost:8000/images/e5cfe7f7049e41f7af6dddcc7c4a5668.jpg,"297,6,452,100",hat,0.8365171551704407
https://i.pinimg.com/736x/f9/49/c2/f949c243ec3ab579a70e73d6a1e263d0.jpg,http://localhost:8000/images/20334d55f3af46c0839ac1a249682f1d.jpg,"107,162,617,571",shoes,0.8133185505867004
https://i.pinimg.com/736x/f9/49/c2/f949c243ec3ab579a70e73d6a1e263d0.jpg,http://localhost:8000/images/8db22706f14b4375bdf26556f19c6127.jpg,"184,497,523,1212",bottom,0.829573392868042
https://i.pinimg.com/736x/f9/49/c2/f949c243ec3ab579a70e73d6a1e263d0.jpg,http://localhost:8000/images/598a6bbae1ee41b3acad6a414fbf8ffd.jpg,"230,1204,312,1283",outer,0.8105718493461609
https://i.pinimg.com/736x/f9/49/c2/f949c243ec3ab579a70e73d6a1e263d0.jpg,http://localhost:8000/images/41e98ff5d28f41a6b84edcb466c2bbae.jpg,"305,160,527,508",top,0.5405529737472534
https://i.pinimg.com/736x/64/19/c2/6419c22cdfc5c9e3e099308b141074db.jpg,http://localhost:8000/images/6d612df29b8547f59d0baed6b2f2f7f6.jpg,"379,780,471,846",outer,0.9314802885055542
https://i.pinimg.com/736x/64/19/c2/6419c22cdfc5c9e3e099308b141074db.jpg,http://localhost:8000/images/0219253c26d246e9a5aa903bcdd01abe.jpg,"302,789,346,868",outer,0.9021483063697815
https://i.pinimg.com/736x/64/19/c2/6419c22cdfc5c9e3e099308b141074db.jpg,http://localhost:8000/images/0455dd6b0b374287b225d3d77d77e2a7.jpg,"296,490,447,582",bottom,0.8200156688690186
https://i.pinimg.com/736x/64/19/c2/6419c22cdfc5c9e3e099308b141074db.jpg,http://localhost:8000/images/cf1ac63ef350426eb4be54817c757009.jpg,"297,463,444,498",top,0.47640663385391235
https://i.pinimg.com/736x/64/19/c2/6419c22cdfc5c9e3e099308b141074db.jpg,http://localhost:8000/images/b616e3e140a948ceadbd8981557e27a9.jpg,"226,155,526,480",shoes,0.4205051362514496
https://i.pinimg.com/736x/3f/fa/68/3ffa68897940ab57f9d66e85db4bb419.jpg,http://localhost:8000/images/a7213babfb1f469c9217034b34b24ef4.jpg,"387,649,690,1262",bottom,0.8829959630966187
https://i.pinimg.com/736x/3f/fa/68/3ffa68897940ab57f9d66e85db4bb419.jpg,http://localhost:8000/images/00f6949ce4ae41caa8a9241b111c5b67.jpg,"417,1136,518,1228",outer,0.8684262633323669
https://i.pinimg.com/736x/3f/fa/68/3ffa68897940ab57f9d66e85db4bb419.jpg,http://localhost:8000/images/06e06e00864c49b5b03b3ae623e8085e.jpg,"596,1248,672,1350",outer,0.9040173292160034
https://i.pinimg.com/736x/3f/fa/68/3ffa68897940ab57f9d66e85db4bb419.jpg,http://localhost:8000/images/06986bf803f04064a93d445299214971.jpg,"284,224,734,680",shoes,0.6499205827713013
https://i.pinimg.com/736x/3f/fa/68/3ffa68897940ab57f9d66e85db4bb419.jpg,http://localhost:8000/images/c96203ded8004bddbbe34c1ed7e03118.jpg,"380,283,550,681",top,0.5424150228500366
https://i.pinimg.com/736x/84/80/62/848062d86d87346ec34a079a60874edc.jpg,http://localhost:8000/images/5944620298e64ac892da8dbf0ec47189.jpg,"0,28,732,719",shoes,0.9125592708587646
https://i.pinimg.com/736x/27/15/df/2715df1b09ceb0049e369bf2604ff172.jpg,http://localhost:8000/images/67eeb60a17714fd488eb013c4591da0d.jpg,"443,819,557,879",outer,0.9164329171180725
https://i.pinimg.com/736x/27/15/df/2715df1b09ceb0049e369bf2604ff172.jpg,http://localhost:8000/images/d0d666968b244937a33e07b018831b5d.jpg,"255,42,391,144",hat,0.9018956422805786
https://i.pinimg.com/736x/27/15/df/2715df1b09ceb0049e369bf2604ff172.jpg,http://localhost:8000/images/667866d015714fc99c7f6ada0353dcf0.jpg,"214,827,346,880",outer,0.8688587546348572
https://i.pinimg.com/736x/27/15/df/2715df1b09ceb0049e369bf2604ff172.jpg,http://localhost:8000/images/21cc1574a5bf45108e749caf539dcb68.jpg,"279,436,558,827",bottom,0.8138607740402222
https://i.pinimg.com/736x/27/15/df/2715df1b09ceb0049e369bf2604ff172.jpg,http://localhost:8000/images/88d3ba2b0305422e90fb3e37900c0e12.jpg,"193,131,542,474",shoes,0.6316823959350586
https://i.pinimg.com/736x/27/15/df/2715df1b09ceb0049e369bf2604ff172.jpg,http://localhost:8000/images/d6a1731c2ca242bf80559348732feb56.jpg,"304,181,372,434",top,0.601966917514801
https://i.pinimg.com/736x/98/22/02/982202551169d4b665c69271cdbde3f9.jpg,http://localhost:8000/images/0a1cd8aa9a844ecb9616405c56197410.jpg,"183,720,233,778",outer,0.9505507946014404
https://i.pinimg.com/736x/98/22/02/982202551169d4b665c69271cdbde3f9.jpg,http://localhost:8000/images/3a10891fcff744c3891de513d833e0aa.jpg,"249,598,275,679",outer,0.8999835252761841
https://i.pinimg.com/736x/98/22/02/982202551169d4b665c69271cdbde3f9.jpg,http://localhost:8000/images/7a44be192fcf4d3694f0e6a9773ea972.jpg,"144,332,299,704",bottom,0.8676713109016418
https://i.pinimg.com/736x/98/22/02/982202551169d4b665c69271cdbde3f9.jpg,http://localhost:8000/images/41d503d981b54cbc8a239d8690996a1a.jpg,"119,123,335,377",top,0.5341914892196655
https://i.pinimg.com/736x/8e/2e/85/8e2e85cc3b35adea28796ef12c2a26b6.jpg,http://localhost:8000/images/404e1d1e86214a16bf95a848e4936319.jpg,"221,756,313,816",outer,0.9367954730987549
https://i.pinimg.com/736x/8e/2e/85/8e2e85cc3b35adea28796ef12c2a26b6.jpg,http://localhost:8000/images/e71bdc58e8814e84a19cd1a51aa2acd5.jpg,"183,713,259,761",outer,0.9294185042381287
https://i.pinimg.com/736x/8e/2e/85/8e2e85cc3b35adea28796ef12c2a26b6.jpg,http://localhost:8000/images/8535ad4e5655497a85e164479e7087ad.jpg,"167,399,320,782",bottom,0.8657878637313843
https://i.pinimg.com/736x/8e/2e/85/8e2e85cc3b35adea28796ef12c2a26b6.jpg,http://localhost:8000/images/6477a22aea7142fd87aa685b42ac67ff.jpg,"67,131,330,439",shoes,0.41261085867881775
https://i.pinimg.com/736x/ac/bc/c6/acbcc6f204ea32535e707dc6be9c8393.jpg,http://localhost:8000/images/be2d609be3e340c1a92b297201a55130.jpg,"169,1129,363,1263",outer,0.9419962167739868
https://i.pinimg.com/736x/ac/bc/c6/acbcc6f204ea32535e707dc6be9c8393.jpg,http://localhost:8000/images/f89a771c05e5423b8b45b830a264c4b3.jpg,"204,501,534,1174",bottom,0.9311322569847107
https://i.pinimg.com/736x/ac/bc/c6/acbcc6f204ea32535e707dc6be9c8393.jpg,http://localhost:8000/images/c7218fbfc47e4998add07f4330f767dd.jpg,"182,-1,593,577",top,0.9225692749023438
https://i.pinimg.com/736x/ac/bc/c6/acbcc6f204ea32535e707dc6be9c8393.jpg,http://localhost:8000/images/cb5279b3cbcc4189bfc3f763da62bd14.jpg,"432,1171,524,1305",outer,0.9047670364379883
https://i.pinimg.com/736x/cc/a6/31/cca631872ad7cc41a3c7000ad512a5f2.jpg,http://localhost:8000/images/6b44e4dae398407692af32d12f0c2489.jpg,"218,883,301,966",outer,0.9381586313247681
https://i.pinimg.com/736x/cc/a6/31/cca631872ad7cc41a3c7000ad512a5f2.jpg,http://localhost:8000/images/d11dcad3f0a4446a85404ec586794ac3.jpg,"178,477,353,899",bottom,0.921549916267395
https://i.pinimg.com/736x/cc/a6/31/cca631872ad7cc41a3c7000ad512a5f2.jpg,http://localhost:8000/images/620484d9375c42e2a60812902387587e.jpg,"178,760,219,855",outer,0.8673554062843323
https://i.pinimg.com/736x/cc/a6/31/cca631872ad7cc41a3c7000ad512a5f2.jpg,http://localhost:8000/images/6ccf8d829b5e4fd892db204f1d40b336.jpg,"240,222,318,482",top,0.7934185266494751
https://i.pinimg.com/736x/cc/a6/31/cca631872ad7cc41a3c7000ad512a5f2.jpg,http://localhost:8000/images/f14de5c9660442ec82db3793b04d0a37.jpg,"122,197,390,531",shoes,0.7189137935638428
https://i.pinimg.com/736x/05/95/4c/05954c497774687276362f36f17961dc.jpg,http://localhost:8000/images/a07827a2a28847dba2221b4bf46bc625.jpg,"458,4,685,239",top,0.42278188467025757
https://i.pinimg.com/736x/d8/a9/f6/d8a9f69fcfb91c6bf10aaf861b71891b.jpg,http://localhost:8000/images/2df17e0d61c547c8b332064cef2f1412.jpg,"364,181,465,263",hat,0.8044647574424744
https://i.pinimg.com/736x/d8/a9/f6/d8a9f69fcfb91c6bf10aaf861b71891b.jpg,http://localhost:8000/images/bbf12b18624d4e2d95818796c614a578.jpg,"284,340,570,604",top,0.5071759819984436
https://i.pinimg.com/736x/d8/a9/f6/d8a9f69fcfb91c6bf10aaf861b71891b.jpg,http://localhost:8000/images/47ef9755bc3e4f70a4bc7498439f864e.jpg,"242,663,367,868",outer,0.4753805994987488
https://i.pinimg.com/736x/d8/a9/f6/d8a9f69fcfb91c6bf10aaf861b71891b.jpg,http://localhost:8000/images/6d2f24ff28f844239b1440c59185f19d.jpg,"281,277,571,571",shoes,0.4137694835662842
https://i.pinimg.com/736x/ec/76/ea/ec76eafa932b7260e34fed57d45cfd42.jpg,http://localhost:8000/images/ab67157719414fadbf361eb740511d50.jpg,"229,992,658,1279",bag,0.8298379182815552
https://i.pinimg.com/736x/ec/76/ea/ec76eafa932b7260e34fed57d45cfd42.jpg,http://localhost:8000/images/7d10133895b9458a96b2a91f9c27a003.jpg,"176,758,493,1278",bottom,0.7677825689315796
https://i.pinimg.com/736x/ec/76/ea/ec76eafa932b7260e34fed57d45cfd42.jpg,http://localhost:8000/images/e50c9fd873bf4bba8592aacbed7a36f9.jpg,"242,438,528,804",top,0.6305015683174133
https://i.pinimg.com/736x/b3/5b/3e/b35b3e9b289e87c3963ee558b2e31e2b.jpg,http://localhost:8000/images/fbf25b466d524bfda42eac80a515f7e8.jpg,"276,502,515,932",bottom,0.9256550073623657
https://i.pinimg.com/736x/b3/5b/3e/b35b3e9b289e87c3963ee558b2e31e2b.jpg,http://localhost:8000/images/4964fae9e995453c89901f9ebcf335a1.jpg,"295,915,382,973",outer,0.9200637936592102
https://i.pinimg.com/736x/b3/5b/3e/b35b3e9b289e87c3963ee558b2e31e2b.jpg,http://localhost:8000/images/8ce893b00f80429fa12c3fb031e1f33d.jpg,"462,928,533,990",outer,0.9148221611976624
https://i.pinimg.com/736x/b3/5b/3e/b35b3e9b289e87c3963ee558b2e31e2b.jpg,http://localhost:8000/images/2e03e7d590bf4090ab640cf48411c901.jpg,"266,50,374,113",hat,0.8479055762290955
https://i.pinimg.com/736x/b3/5b/3e/b35b3e9b289e87c3963ee558b2e31e2b.jpg,http://localhost:8000/images/138c516c14924328a7e07aa13b6dc887.jpg,"290,185,387,506",top,0.818365752696991
https://i.pinimg.com/736x/b3/5b/3e/b35b3e9b289e87c3963ee558b2e31e2b.jpg,http://localhost:8000/images/ed8fa13e78054468907058fc6c02d902.jpg,"203,164,514,560",shoes,0.6748167872428894
https://i.pinimg.com/736x/a8/7a/9e/a87a9ec2e9a2b9b9508ab0bee4707611.jpg,http://localhost:8000/images/88f529a4a429431cad62939ce70870dc.jpg,"271,689,385,761",outer,0.954289972782135
https://i.pinimg.com/736x/a8/7a/9e/a87a9ec2e9a2b9b9508ab0bee4707611.jpg,http://localhost:8000/images/fa016ad2151d45b48177481f426acff6.jpg,"417,718,488,807",outer,0.9489942193031311
https://i.pinimg.com/736x/a8/7a/9e/a87a9ec2e9a2b9b9508ab0bee4707611.jpg,http://localhost:8000/images/65cc172a594e42f2adcbb9d0ba7a0ab0.jpg,"263,311,479,700",bottom,0.8711338639259338
https://i.pinimg.com/736x/a8/7a/9e/a87a9ec2e9a2b9b9508ab0bee4707611.jpg,http://localhost:8000/images/39620853c07643ada6a39359455c950f.jpg,"214,13,519,329",shoes,0.8207709193229675
https://i.pinimg.com/736x/a8/7a/9e/a87a9ec2e9a2b9b9508ab0bee4707611.jpg,http://localhost:8000/images/07da9205c32843adafc56b22c089d00d.jpg,"268,22,445,355",top,0.7408918142318726
https://i.pinimg.com/736x/af/a4/e1/afa4e1109dd0142746dc44bd7006d7d0.jpg,http://localhost:8000/images/dcbf21bc990c461eba42baee8022d3b5.jpg,"240,375,539,1203",bottom,0.9616413116455078
https://i.pinimg.com/736x/af/a4/e1/afa4e1109dd0142746dc44bd7006d7d0.jpg,http://localhost:8000/images/7dfd567c99c2430f82d91a9adfcbc4ae.jpg,"265,1127,448,1261",outer,0.9350724816322327
https://i.pinimg.com/736x/af/a4/e1/afa4e1109dd0142746dc44bd7006d7d0.jpg,http://localhost:8000/images/d6c94149c61e41bd8f6c8de2419117e1.jpg,"234,-7,642,421",top,0.926161527633667
https://i.pinimg.com/736x/af/a4/e1/afa4e1109dd0142746dc44bd7006d7d0.jpg,http://localhost:8000/images/5dc8d938f1d542cc92cc6be51efdb418.jpg,"144,628,301,1068",bag,0.9012231230735779
https://i.pinimg.com/736x/af/a4/e1/afa4e1109dd0142746dc44bd7006d7d0.jpg,http://localhost:8000/images/b85289318aea402ba1b9c69fe1c2f415.jpg,"424,1184,517,1306",outer,0.9077680110931396
https://i.pinimg.com/736x/62/63/ec/6263ecd58cbca8477af1dac6b84aa8c3.jpg,http://localhost:8000/images/53e28d08dc244aacb40312f8ec23c498.jpg,"380,1064,457,1165",outer,0.9199895262718201
https://i.pinimg.com/736x/62/63/ec/6263ecd58cbca8477af1dac6b84aa8c3.jpg,http://localhost:8000/images/773155e87de94e87b9cf183f17e4209e.jpg,"219,581,470,1097",bottom,0.884430468082428
https://i.pinimg.com/736x/62/63/ec/6263ecd58cbca8477af1dac6b84aa8c3.jpg,http://localhost:8000/images/7ce9e5aa80bb468ea44a7e0458d9b41d.jpg,"198,1082,282,1192",outer,0.8906834125518799
https://i.pinimg.com/736x/62/63/ec/6263ecd58cbca8477af1dac6b84aa8c3.jpg,http://localhost:8000/images/8a8b5015991943bdb5016ac627997467.jpg,"338,350,417,585",top,0.747798502445221
https://i.pinimg.com/736x/c9/5e/61/c95e61672b3655956fbce0b543ccac1a.jpg,http://localhost:8000/images/868e1bd9bd144203bfc4119aa65a9514.jpg,"151,277,644,933",top,0.7925659418106079
https://i.pinimg.com/736x/c9/5e/61/c95e61672b3655956fbce0b543ccac1a.jpg,http://localhost:8000/images/35cdca2645fd44e4be9e98dbae55d2bf.jpg,"228,924,562,1304",bottom,0.7671849131584167
https://i.pinimg.com/736x/c9/5e/61/c95e61672b3655956fbce0b543ccac1a.jpg,http://localhost:8000/images/3083923f99404b0385617dcadf36bb09.jpg,"61,625,388,1063",bag,0.5944392681121826
https://i.pinimg.com/736x/4a/3f/96/4a3f969dc373a4633121e84392665cfb.jpg,http://localhost:8000/images/1b4e397ec91b4ce196ba0bd53ac3e231.jpg,"220,1040,313,1131",outer,0.9579880237579346
https://i.pinimg.com/736x/4a/3f/96/4a3f969dc373a4633121e84392665cfb.jpg,http://localhost:8000/images/6c59be1608354ae3afa63f25ec8efccd.jpg,"413,1002,473,1077",outer,0.9386155605316162
https://i.pinimg.com/736x/4a/3f/96/4a3f969dc373a4633121e84392665cfb.jpg,http://localhost:8000/images/d3ba11dd45004445a4d637451407c036.jpg,"264,686,477,1083",bottom,0.8787754774093628
https://i.pinimg.com/736x/4a/3f/96/4a3f969dc373a4633121e84392665cfb.jpg,http://localhost:8000/images/f97d3403714f47b48b1c598d8596a5f2.jpg,"253,391,513,734",shoes,0.8285601139068604
https://i.pinimg.com/736x/4a/3f/96/4a3f969dc373a4633121e84392665cfb.jpg,http://localhost:8000/images/2fb33acd72664a089259e11f6cd3a5ae.jpg,"311,435,438,702",top,0.8241996169090271
https://i.pinimg.com/736x/73/66/36/73663629f370d1bd90eb8c41d16486a8.jpg,http://localhost:8000/images/5860157f4c0d47f886b65b30c1255406.jpg,"24,261,276,630",top,0.4392463266849518
https://i.pinimg.com/736x/73/66/36/73663629f370d1bd90eb8c41d16486a8.jpg,http://localhost:8000/images/2eb71fd1e6c14d738917abda7a66796c.jpg,"79,559,281,638",bottom,0.4089672267436981
https://i.pinimg.com/736x/99/ec/8d/99ec8dcdb3d342f9a646b57a7f9906d1.jpg,http://localhost:8000/images/4796fe55686d4e3ea796bc533f176971.jpg,"245,635,368,697",outer,0.9307066798210144
https://i.pinimg.com/736x/99/ec/8d/99ec8dcdb3d342f9a646b57a7f9906d1.jpg,http://localhost:8000/images/ee2286a547ee4ed4876472cf2ecbd38e.jpg,"202,600,295,651",outer,0.8580850958824158
https://i.pinimg.com/736x/99/ec/8d/99ec8dcdb3d342f9a646b57a7f9906d1.jpg,http://localhost:8000/images/3838ffeb433a4a4a987617953f61506c.jpg,"197,280,368,660",bottom,0.8544632792472839
https://i.pinimg.com/736x/99/ec/8d/99ec8dcdb3d342f9a646b57a7f9906d1.jpg,http://localhost:8000/images/1659c449072141709859b8ee61d42b77.jpg,"51,12,562,309",shoes,0.8012524843215942
https://i.pinimg.com/736x/99/ec/8d/99ec8dcdb3d342f9a646b57a7f9906d1.jpg,http://localhost:8000/images/e8e22f5b36924568b99c8d4ac8a8abad.jpg,"202,26,304,291",top,0.5278298854827881
https://i.pinimg.com/736x/eb/03/67/eb0367217a73f126883c4c98526816db.jpg,http://localhost:8000/images/a468576fabf542e0bd4028ad66f1691c.jpg,"276,1233,372,1307",outer,0.9244627356529236
https://i.pinimg.com/736x/eb/03/67/eb0367217a73f126883c4c98526816db.jpg,http://localhost:8000/images/fec3e84390b24359861a3d786cfe982c.jpg,"234,667,444,1259",bottom,0.8385629653930664
https://i.pinimg.com/736x/eb/03/67/eb0367217a73f126883c4c98526816db.jpg,http://localhost:8000/images/b68e25faec4449e287fcf0ca5fb63d54.jpg,"244,1168,298,1269",outer,0.6854982376098633
https://i.pinimg.com/736x/eb/03/67/eb0367217a73f126883c4c98526816db.jpg,http://localhost:8000/images/0174d0e640bd418ebacc2c1985a6f8cd.jpg,"163,361,528,714",shoes,0.6104847192764282
https://i.pinimg.com/736x/eb/03/67/eb0367217a73f126883c4c98526816db.jpg,http://localhost:8000/images/2c55de2c65634d9b9396dcc9eeb20f13.jpg,"304,380,426,708",top,0.47020429372787476
https://i.pinimg.com/736x/11/1e/cf/111ecff172e963bfdb8ce57721cb1cc4.jpg,http://localhost:8000/images/fdfdda68219f4df698a2e456af2d6f4e.jpg,"295,1164,373,1246",outer,0.9453537464141846
https://i.pinimg.com/736x/11/1e/cf/111ecff172e963bfdb8ce57721cb1cc4.jpg,http://localhost:8000/images/267cfd8568304bb58aeff26d60bb2c3f.jpg,"247,640,481,1173",bottom,0.9305906295776367
https://i.pinimg.com/736x/11/1e/cf/111ecff172e963bfdb8ce57721cb1cc4.jpg,http://localhost:8000/images/d8bea4d3ece04b52b473e03ea70564d1.jpg,"362,1065,396,1166",outer,0.9125198721885681
https://i.pinimg.com/736x/11/1e/cf/111ecff172e963bfdb8ce57721cb1cc4.jpg,http://localhost:8000/images/6dc08c06b19749f5ab0b3fcfb3f41655.jpg,"207,308,520,728",top,0.7553752064704895
https://i.pinimg.com/736x/11/1e/cf/111ecff172e963bfdb8ce57721cb1cc4.jpg,http://localhost:8000/images/55d89fa5acd2441d88584feffd19bc1f.jpg,"175,317,553,682",shoes,0.538398027420044
https://i.pinimg.com/736x/61/b1/60/61b160a2676a523e774eff2ce4753efb.jpg,http://localhost:8000/images/6249a3fc13b4464a9a9e030b70181f1a.jpg,"339,854,429,926",outer,0.9577590227127075
https://i.pinimg.com/736x/61/b1/60/61b160a2676a523e774eff2ce4753efb.jpg,http://localhost:8000/images/f4f2f8027a334247817a161481fe2211.jpg,"231,893,288,963",outer,0.9258663058280945
https://i.pinimg.com/736x/61/b1/60/61b160a2676a523e774eff2ce4753efb.jpg,http://localhost:8000/images/e5a0519811394eb996a7748d2159daf4.jpg,"214,511,408,900",bottom,0.8748545050621033
https://i.pinimg.com/736x/61/b1/60/61b160a2676a523e774eff2ce4753efb.jpg,http://localhost:8000/images/01c21cb5f18b4c1fac1ee6db5ab3a282.jpg,"153,232,426,538",top,0.4159597158432007
https://i.pinimg.com/736x/cb/c0/89/cbc08901aa5c33eb243aefbd7dbdf6e5.jpg,http://localhost:8000/images/c8b1bd57638d4ffa82d60b25c8c1d695.jpg,"233,745,282,822",outer,0.9459797739982605
https://i.pinimg.com/736x/cb/c0/89/cbc08901aa5c33eb243aefbd7dbdf6e5.jpg,http://localhost:8000/images/3733c1c73349428681ec8814c6161324.jpg,"190,651,229,748",outer,0.9377647638320923
https://i.pinimg.com/736x/cb/c0/89/cbc08901aa5c33eb243aefbd7dbdf6e5.jpg,http://localhost:8000/images/85d08928aea94715aea80879279c1f77.jpg,"140,202,365,452",top,0.8662070631980896
https://i.pinimg.com/736x/cb/c0/89/cbc08901aa5c33eb243aefbd7dbdf6e5.jpg,http://localhost:8000/images/4a95ba4e08564876a7ace838f40997aa.jpg,"167,428,326,567",bottom,0.8548654317855835
https://i.pinimg.com/736x/22/90/aa/2290aa74e34d6b376284268c768a07d9.jpg,http://localhost:8000/images/09555d2f0e654e92860df15bffd99643.jpg,"223,540,426,1027",bottom,0.8996138572692871
https://i.pinimg.com/736x/22/90/aa/2290aa74e34d6b376284268c768a07d9.jpg,http://localhost:8000/images/b9dc0d25ad8144f69a5fd60c4b86ca43.jpg,"190,975,359,1054",outer,0.8274626135826111
https://i.pinimg.com/736x/22/90/aa/2290aa74e34d6b376284268c768a07d9.jpg,http://localhost:8000/images/95eef3d388c74ed28eee0654cb8cbfa8.jpg,"181,174,482,532",shoes,0.7552602291107178
https://i.pinimg.com/736x/22/90/aa/2290aa74e34d6b376284268c768a07d9.jpg,http://localhost:8000/images/f7cfc79db554423e8069e50246cf6185.jpg,"361,990,411,1029",outer,0.6078139543533325
https://i.pinimg.com/736x/22/90/aa/2290aa74e34d6b376284268c768a07d9.jpg,http://localhost:8000/images/3e733073b0f34400934ccc4913b9538e.jpg,"220,221,428,562",top,0.5244436264038086
https://i.pinimg.com/736x/53/d9/47/53d947d2b8cb6a57cc28b8656cb9ed2c.jpg,http://localhost:8000/images/0cc2bcd513af41c3b9c6f19c804666d2.jpg,"280,314,536,915",bottom,0.9210166931152344
https://i.pinimg.com/736x/53/d9/47/53d947d2b8cb6a57cc28b8656cb9ed2c.jpg,http://localhost:8000/images/a25722e355f74d10b47f47a6b30837b3.jpg,"417,880,516,930",outer,0.9182425141334534
https://i.pinimg.com/736x/53/d9/47/53d947d2b8cb6a57cc28b8656cb9ed2c.jpg,http://localhost:8000/images/b3d7ff6da7f24aae86f994c36f759a41.jpg,"251,885,370,938",outer,0.9141731262207031
https://i.pinimg.com/736x/53/d9/47/53d947d2b8cb6a57cc28b8656cb9ed2c.jpg,http://localhost:8000/images/4ed60ad3327440bf9cb35a51c9ad9cc9.jpg,"236,47,608,417",shoes,0.8215222954750061
https://i.pinimg.com/736x/53/d9/47/53d947d2b8cb6a57cc28b8656cb9ed2c.jpg,http://localhost:8000/images/9846f2630b2d418c9f968da58d8cca27.jpg,"414,66,503,326",top,0.7452782988548279
https://i.pinimg.com/736x/b8/ee/3a/b8ee3a5798c98fae7cb83d5840de774b.jpg,http://localhost:8000/images/4bfee416dca74d50981a014cf5d2b4fb.jpg,"364,859,416,943",outer,0.9304381608963013
https://i.pinimg.com/736x/b8/ee/3a/b8ee3a5798c98fae7cb83d5840de774b.jpg,http://localhost:8000/images/67465c9249c041e3b37d05965e473e1e.jpg,"231,882,327,957",outer,0.9193075895309448
https://i.pinimg.com/736x/b8/ee/3a/b8ee3a5798c98fae7cb83d5840de774b.jpg,http://localhost:8000/images/5c828a832465465f87082f873f20a530.jpg,"273,288,498,548",top,0.9058731198310852
https://i.pinimg.com/736x/b8/ee/3a/b8ee3a5798c98fae7cb83d5840de774b.jpg,http://localhost:8000/images/4e0724d4b8ac4a15afda2bde226c7d3b.jpg,"279,513,471,684",bottom,0.9035103917121887
https://i.pinimg.com/736x/b8/ee/3a/b8ee3a5798c98fae7cb83d5840de774b.jpg,http://localhost:8000/images/b63b904d482b45a48aa986b0d60fadf0.jpg,"226,307,343,589",bag,0.8626866340637207
https://i.pinimg.com/736x/f0/06/bf/f006bfedc92f5a21049323c0cc300634.jpg,http://localhost:8000/images/eab4bb4965ed45b19c1b1f7cbf194e18.jpg,"294,1182,430,1301",outer,0.9270508885383606
https://i.pinimg.com/736x/f0/06/bf/f006bfedc92f5a21049323c0cc300634.jpg,http://localhost:8000/images/396c9158a0e7421aa153762b3e7ee9a3.jpg,"306,640,509,1174",bottom,0.9029052257537842
https://i.pinimg.com/736x/f0/06/bf/f006bfedc92f5a21049323c0cc300634.jpg,http://localhost:8000/images/10b1891388e04455bb875a06c82fd3e8.jpg,"430,1094,550,1212",outer,0.904362678527832
https://i.pinimg.com/736x/f0/06/bf/f006bfedc92f5a21049323c0cc300634.jpg,http://localhost:8000/images/33633a21990a41a4a0d73e30b7dca03e.jpg,"220,279,589,700",top,0.49922218918800354
https://i.pinimg.com/736x/2e/88/f9/2e88f910fe0f51eca9c9cb4d21ec97a8.jpg,http://localhost:8000/images/f590701b260a4776b5208900cfc2f584.jpg,"352,912,429,979",outer,0.8991708159446716
https://i.pinimg.com/736x/2e/88/f9/2e88f910fe0f51eca9c9cb4d21ec97a8.jpg,http://localhost:8000/images/b6cb77e6fe714b56bea02fc12a4e7957.jpg,"302,893,362,978",outer,0.8544417023658752
https://i.pinimg.com/736x/2e/88/f9/2e88f910fe0f51eca9c9cb4d21ec97a8.jpg,http://localhost:8000/images/e924fd48e840491c9de1e7adf6bd8883.jpg,"236,461,470,943",bottom,0.8468917012214661
https://i.pinimg.com/736x/2e/88/f9/2e88f910fe0f51eca9c9cb4d21ec97a8.jpg,http://localhost:8000/images/2d07a5ab82f840f69fa88dd7d200c21d.jpg,"198,113,534,507",top,0.7890760898590088
https://i.pinimg.com/736x/04/cb/45/04cb4504025575088d6e18465f00f009.jpg,http://localhost:8000/images/672066c4126f473181806721cd11672d.jpg,"403,955,468,1032",outer,0.9184747338294983
https://i.pinimg.com/736x/04/cb/45/04cb4504025575088d6e18465f00f009.jpg,http://localhost:8000/images/84b9562b62dc45d89a24de70f6e46a4b.jpg,"283,932,345,1002",outer,0.9161858558654785
https://i.pinimg.com/736x/04/cb/45/04cb4504025575088d6e18465f00f009.jpg,http://localhost:8000/images/bc0c77a505cc4b6db25e1094500b3dd3.jpg,"199,262,471,568",top,0.8957875370979309
https://i.pinimg.com/736x/04/cb/45/04cb4504025575088d6e18465f00f009.jpg,http://localhost:8000/images/eeb5897f3de34c54acd703531460d3d0.jpg,"256,546,463,955",bottom,0.886999785900116
https://i.pinimg.com/736x/42/7c/ee/427cee385f20d37057780975aa00228b.jpg,http://localhost:8000/images/fd93ca5ea2da4b2799c12ca9f6c7abe2.jpg,"314,777,434,861",outer,0.9641727805137634
https://i.pinimg.com/736x/42/7c/ee/427cee385f20d37057780975aa00228b.jpg,http://localhost:8000/images/c796fd14f3374b5bb2b35cf1e935e55b.jpg,"220,765,307,860",outer,0.9452752470970154
https://i.pinimg.com/736x/42/7c/ee/427cee385f20d37057780975aa00228b.jpg,http://localhost:8000/images/1613f2ef9c4e4750856ed9eca3d46f3e.jpg,"191,279,424,792",bottom,0.9333662986755371
https://i.pinimg.com/736x/42/7c/ee/427cee385f20d37057780975aa00228b.jpg,http://localhost:8000/images/87500372de1f4a6d95dd04c6334f0442.jpg,"140,0,477,292",shoes,0.8961963057518005
https://i.pinimg.com/736x/42/7c/ee/427cee385f20d37057780975aa00228b.jpg,http://localhost:8000/images/fd9df4ddad1d4b328d7aa19ae56a96f6.jpg,"253,0,344,128",top,0.6226314902305603
https://i.pinimg.com/736x/94/76/52/947652bd42b9e49564341d68ff40dac8.jpg,http://localhost:8000/images/a6e17f014bbd4f2cafe323af2318d773.jpg,"159,987,258,1173",outer,0.9526813626289368
https://i.pinimg.com/736x/94/76/52/947652bd42b9e49564341d68ff40dac8.jpg,http://localhost:8000/images/abc01b18d0424bf49ecaa81fbaf9a07b.jpg,"174,609,450,1093",bottom,0.9152721166610718
https://i.pinimg.com/736x/94/76/52/947652bd42b9e49564341d68ff40dac8.jpg,http://localhost:8000/images/b18b4c614dab451193c390a8b060cfbb.jpg,"289,1076,360,1168",outer,0.9142441749572754
https://i.pinimg.com/736x/94/76/52/947652bd42b9e49564341d68ff40dac8.jpg,http://localhost:8000/images/32cf749c6b2f4b989d09817ce8b9e34b.jpg,"211,299,528,670",shoes,0.6798198223114014
https://i.pinimg.com/736x/94/76/52/947652bd42b9e49564341d68ff40dac8.jpg,http://localhost:8000/images/e047cebb77b8442393da9817b7797581.jpg,"372,322,461,643",top,0.5014218688011169
https://i.pinimg.com/736x/94/76/52/947652bd42b9e49564341d68ff40dac8.jpg,http://localhost:8000/images/699d68882a1444a6992c51964713fae1.jpg,"371,325,458,486",top,0.42239540815353394
https://i.pinimg.com/736x/b2/48/c9/b248c9ced98bd57703c4fd7c984564b0.jpg,http://localhost:8000/images/419369734ba54628a9634a89bb8f3bce.jpg,"457,782,529,894",outer,0.9440263509750366
https://i.pinimg.com/736x/b2/48/c9/b248c9ced98bd57703c4fd7c984564b0.jpg,http://localhost:8000/images/3ae6a75be4a147269c6372342d114d7c.jpg,"329,752,418,854",outer,0.937120795249939
https://i.pinimg.com/736x/b2/48/c9/b248c9ced98bd57703c4fd7c984564b0.jpg,http://localhost:8000/images/c4034116894146f082f5770307087ce9.jpg,"344,383,537,801",bottom,0.9068828225135803
https://i.pinimg.com/736x/b2/48/c9/b248c9ced98bd57703c4fd7c984564b0.jpg,http://localhost:8000/images/94ee924d13914d4db7fbbf234fd0b997.jpg,"350,152,572,404",top,0.9011668562889099
https://i.pinimg.com/736x/e7/05/69/e7056946d6660feaca2dc37db4e59567.jpg,http://localhost:8000/images/b0b9e6f6fd24456aafb171fbbc9f4c10.jpg,"236,485,479,1065",bottom,0.8711029291152954
https://i.pinimg.com/736x/e7/05/69/e7056946d6660feaca2dc37db4e59567.jpg,http://localhost:8000/images/fdddd69c8cb74bf59e589294c87419ed.jpg,"314,1028,383,1092",outer,0.8135756254196167
https://i.pinimg.com/736x/e7/05/69/e7056946d6660feaca2dc37db4e59567.jpg,http://localhost:8000/images/c6ed8d4f91bd41fd8d140a3cf3e5bd67.jpg,"228,126,543,530",top,0.8009086847305298
https://i.pinimg.com/736x/e7/05/69/e7056946d6660feaca2dc37db4e59567.jpg,http://localhost:8000/images/c5e354d671e84669a82915bb09e10e52.jpg,"401,952,478,1040",outer,0.45024314522743225
https://i.pinimg.com/736x/f9/60/b4/f960b483f008d542111502ea6e6e9da8.jpg,http://localhost:8000/images/087766d3cf19403dadc91445762f3e25.jpg,"-1,77,636,851",top,0.7460314631462097
https://i.pinimg.com/736x/56/45/b2/5645b2238e57c783834899e4d1331153.jpg,http://localhost:8000/images/8e6bfd8de5964d30bab4898635d7f5e7.jpg,"288,823,361,866",outer,0.9054961800575256
https://i.pinimg.com/736x/56/45/b2/5645b2238e57c783834899e4d1331153.jpg,http://localhost:8000/images/1ef393bbc5db402688b9778b78425748.jpg,"208,500,345,827",bottom,0.8452923893928528
https://i.pinimg.com/736x/56/45/b2/5645b2238e57c783834899e4d1331153.jpg,http://localhost:8000/images/ce0650f696f3431ea66b22bd1b2d491b.jpg,"233,812,276,857",outer,0.8346461653709412
https://i.pinimg.com/736x/56/45/b2/5645b2238e57c783834899e4d1331153.jpg,http://localhost:8000/images/24b632d99e834252bdb20410315b6059.jpg,"34,312,394,508",top,0.42945578694343567
https://i.pinimg.com/736x/56/45/b2/5645b2238e57c783834899e4d1331153.jpg,http://localhost:8000/images/bed917f8ee834fa28395f80d0288c056.jpg,"215,315,322,508",top,0.4088919758796692
https://i.pinimg.com/736x/ff/95/8c/ff958c0f00f382590fd9e4cec3642eef.jpg,http://localhost:8000/images/bf16aaca0c4d447da2b8a616fca43dfc.jpg,"416,874,498,973",outer,0.8997447490692139
https://i.pinimg.com/736x/ff/95/8c/ff958c0f00f382590fd9e4cec3642eef.jpg,http://localhost:8000/images/77957009b020436fbe4c81331a5d150d.jpg,"481,915,552,979",outer,0.8972232937812805
https://i.pinimg.com/736x/ff/95/8c/ff958c0f00f382590fd9e4cec3642eef.jpg,http://localhost:8000/images/c8f7b19f23f3465082acd059b8f08a9a.jpg,"405,591,598,797",bottom,0.8438339233398438
https://i.pinimg.com/736x/ff/95/8c/ff958c0f00f382590fd9e4cec3642eef.jpg,http://localhost:8000/images/9310b91a6ef84ca7af2b4af93e650927.jpg,"404,312,695,627",top,0.6112398505210876
https://i.pinimg.com/736x/50/c7/1e/50c71ed9775d688ceadf1030b18bbe02.jpg,http://localhost:8000/images/5b609e95d38c42468b53eb5975b5fc7a.jpg,"224,631,565,1135",bottom,0.947028398513794
https://i.pinimg.com/736x/50/c7/1e/50c71ed9775d688ceadf1030b18bbe02.jpg,http://localhost:8000/images/1dd6afa0f43d4feea89fa65e9f970d7a.jpg,"205,1091,365,1218",outer,0.929526150226593
https://i.pinimg.com/736x/50/c7/1e/50c71ed9775d688ceadf1030b18bbe02.jpg,http://localhost:8000/images/43e75b6d146941e6ac203cc79555ecd4.jpg,"370,1088,556,1243",outer,0.9108166694641113
https://i.pinimg.com/736x/50/c7/1e/50c71ed9775d688ceadf1030b18bbe02.jpg,http://localhost:8000/images/5d8e78bcd4fb47ccb88a8990788d35a1.jpg,"252,407,553,731",top,0.847133994102478
https://i.pinimg.com/736x/f0/4c/98/f04c9844fef69c0975366b84d29616ca.jpg,http://localhost:8000/images/e1e377ce38244922aae13a6ead69351d.jpg,"178,500,510,1152",bottom,0.9380334615707397
https://i.pinimg.com/736x/f0/4c/98/f04c9844fef69c0975366b84d29616ca.jpg,http://localhost:8000/images/c420d8c7bc4640c894ab8780c004c444.jpg,"225,1132,303,1211",outer,0.9302600622177124
https://i.pinimg.com/736x/f0/4c/98/f04c9844fef69c0975366b84d29616ca.jpg,http://localhost:8000/images/da8c05798be84d6a8937a682d1ec09cd.jpg,"396,1130,475,1219",outer,0.9198875427246094
https://i.pinimg.com/736x/f0/4c/98/f04c9844fef69c0975366b84d29616ca.jpg,http://localhost:8000/images/663ba4f1bd344e15a509b623866d20b1.jpg,"132,109,597,529",shoes,0.820685088634491
https://i.pinimg.com/736x/f0/4c/98/f04c9844fef69c0975366b84d29616ca.jpg,http://localhost:8000/images/0ab0955903504fffb84e96fb5e3b36ef.jpg,"295,0,454,85",hat,0.7474452257156372
https://i.pinimg.com/736x/f0/4c/98/f04c9844fef69c0975366b84d29616ca.jpg,http://localhost:8000/images/887f767e01234808a595c2ea73c0799a.jpg,"305,147,409,524",top,0.5568463206291199
https://i.pinimg.com/736x/1a/e7/5d/1ae75d6e852e7a7b72c414f650ec0d2a.jpg,http://localhost:8000/images/85c1cc640a3b491c98329255eb8e622d.jpg,"486,661,648,769",outer,0.9455982446670532
https://i.pinimg.com/736x/1a/e7/5d/1ae75d6e852e7a7b72c414f650ec0d2a.jpg,http://localhost:8000/images/03602b3e2f3544d690c742972d46a480.jpg,"355,627,443,752",outer,0.9267611503601074
https://i.pinimg.com/736x/1a/e7/5d/1ae75d6e852e7a7b72c414f650ec0d2a.jpg,http://localhost:8000/images/41fcdc4c9d194796bc61b9cd0966bc0b.jpg,"189,446,593,701",bottom,0.8069371581077576
https://i.pinimg.com/736x/1a/e7/5d/1ae75d6e852e7a7b72c414f650ec0d2a.jpg,http://localhost:8000/images/46636d802bcd4c6fa0dfaf3078c35639.jpg,"172,258,502,483",top,0.4784730076789856
https://i.pinimg.com/736x/1c/3b/a2/1c3ba2493394bbe7611e61132033d4e4.jpg,http://localhost:8000/images/f5ece082a1814648a90929ecf795f367.jpg,"310,865,358,909",outer,0.918925404548645
https://i.pinimg.com/736x/1c/3b/a2/1c3ba2493394bbe7611e61132033d4e4.jpg,http://localhost:8000/images/0cba498417e840bfa3c2b15abf76d00b.jpg,"290,592,449,963",bottom,0.9065649509429932
https://i.pinimg.com/736x/1c/3b/a2/1c3ba2493394bbe7611e61132033d4e4.jpg,http://localhost:8000/images/5763856f9a774c70a4da76856131368e.jpg,"242,650,308,864",bag,0.8993924260139465
https://i.pinimg.com/736x/1c/3b/a2/1c3ba2493394bbe7611e61132033d4e4.jpg,http://localhost:8000/images/9a78f2850d024141910ece8560dbf06f.jpg,"258,360,499,630",top,0.7111801505088806
https://i.pinimg.com/736x/1c/3b/a2/1c3ba2493394bbe7611e61132033d4e4.jpg,http://localhost:8000/images/3db2d291f3ef4c1ab28db26b651a2615.jpg,"381,964,421,979",outer,0.4793470501899719
https://i.pinimg.com/736x/64/de/fc/64defc13ac405e2229d3c18717edb16a.jpg,http://localhost:8000/images/a6c95f6af0de41869d7f9abd43c1baf4.jpg,"162,421,245,462",outer,0.9287060499191284
https://i.pinimg.com/736x/64/de/fc/64defc13ac405e2229d3c18717edb16a.jpg,http://localhost:8000/images/5f865044b69b4a9fa5ca7342ff0d924c.jpg,"130,185,245,437",bottom,0.8930349946022034
https://i.pinimg.com/736x/64/de/fc/64defc13ac405e2229d3c18717edb16a.jpg,http://localhost:8000/images/5e4d43baec984b8a9e0b35fe639f77af.jpg,"32,8,372,207",shoes,0.8453003168106079
https://i.pinimg.com/736x/64/de/fc/64defc13ac405e2229d3c18717edb16a.jpg,http://localhost:8000/images/df8da5df73884885b09ff4a166f9cef0.jpg,"134,397,196,432",outer,0.839631974697113
https://i.pinimg.com/736x/64/de/fc/64defc13ac405e2229d3c18717edb16a.jpg,http://localhost:8000/images/042d0d0d127b4d8f82c5545049c4bf78.jpg,"137,26,197,191",top,0.5875870585441589
https://i.pinimg.com/736x/2d/b1/0c/2db10cdf77cc3474eabf5ab7dbddf177.jpg,http://localhost:8000/images/aef3dd9671d44d34ba43e8bab78c8ead.jpg,"255,904,364,1105",outer,0.9414567947387695
https://i.pinimg.com/736x/2d/b1/0c/2db10cdf77cc3474eabf5ab7dbddf177.jpg,http://localhost:8000/images/922067a0d2e147309bfe9a2bd6e5eef5.jpg,"360,972,442,1095",outer,0.9116171598434448
https://i.pinimg.com/736x/2d/b1/0c/2db10cdf77cc3474eabf5ab7dbddf177.jpg,http://localhost:8000/images/af60b1896b3f4746827c18e0f943269a.jpg,"251,434,531,1020",bottom,0.8804026246070862
https://i.pinimg.com/736x/2d/b1/0c/2db10cdf77cc3474eabf5ab7dbddf177.jpg,http://localhost:8000/images/a7cf683fb8754028808c24334a9b9c08.jpg,"137,1,540,454",top,0.6694207787513733
https://i.pinimg.com/736x/2d/b1/0c/2db10cdf77cc3474eabf5ab7dbddf177.jpg,http://localhost:8000/images/eea3f820f3a7401397d3c398e504e84e.jpg,"185,17,436,269",bag,0.4426990747451782
https://i.pinimg.com/736x/d9/1c/b4/d91cb4cd8e6e5b7f5d631a8f24a58211.jpg,http://localhost:8000/images/b7b25adfd0d94ea783673b53ff02f442.jpg,"285,133,472,261",hat,0.8809338212013245
https://i.pinimg.com/736x/d9/1c/b4/d91cb4cd8e6e5b7f5d631a8f24a58211.jpg,http://localhost:8000/images/96568b29985f40ffa6657526a5ac4c78.jpg,"92,273,581,771",shoes,0.8414800763130188
https://i.pinimg.com/736x/d9/1c/b4/d91cb4cd8e6e5b7f5d631a8f24a58211.jpg,http://localhost:8000/images/5d80754f69ff46cc8294fa7d62c6fc54.jpg,"177,694,443,1019",bottom,0.7648313641548157
https://i.pinimg.com/736x/d9/1c/b4/d91cb4cd8e6e5b7f5d631a8f24a58211.jpg,http://localhost:8000/images/64b3ee98b1d649e4864659a609f0a6f8.jpg,"223,313,453,716",top,0.6663181185722351
https://i.pinimg.com/736x/73/a0/05/73a00520f0d185247f899af513d61fc4.jpg,http://localhost:8000/images/2e56d57a453844a3a317dac76abdaee2.jpg,"523,698,632,791",outer,0.9381829500198364
https://i.pinimg.com/736x/73/a0/05/73a00520f0d185247f899af513d61fc4.jpg,http://localhost:8000/images/01c0419fc493478c838a38a320debeb2.jpg,"248,765,377,829",outer,0.9164320230484009
https://i.pinimg.com/736x/73/a0/05/73a00520f0d185247f899af513d61fc4.jpg,http://localhost:8000/images/a130b4595d52466bb7011c63a2203a5b.jpg,"325,472,593,795",bottom,0.8412458300590515
https://i.pinimg.com/736x/73/a0/05/73a00520f0d185247f899af513d61fc4.jpg,http://localhost:8000/images/74a8fbf6d0704a4cab63b61d1981986d.jpg,"329,108,469,231",hat,0.6576068997383118
https://i.pinimg.com/736x/73/a0/05/73a00520f0d185247f899af513d61fc4.jpg,http://localhost:8000/images/612bf76928e343e8b1dc1539af1419fd.jpg,"335,188,551,493",shoes,0.5904250741004944
https://i.pinimg.com/736x/e3/76/ae/e376aef7c23443df26dd9c95e20024a1.jpg,http://localhost:8000/images/a44b0d351bef40dea482eef76700fdd5.jpg,"176,1097,325,1229",outer,0.9492734670639038
https://i.pinimg.com/736x/e3/76/ae/e376aef7c23443df26dd9c95e20024a1.jpg,http://localhost:8000/images/6939be2b09d24a558cf8b29516469a24.jpg,"185,498,536,1135",bottom,0.9219189882278442
https://i.pinimg.com/736x/e3/76/ae/e376aef7c23443df26dd9c95e20024a1.jpg,http://localhost:8000/images/2a93f9383e5c402b8204a4e5a961e57f.jpg,"93,1,570,584",shoes,0.9012735486030579
https://i.pinimg.com/736x/e3/76/ae/e376aef7c23443df26dd9c95e20024a1.jpg,http://localhost:8000/images/f525127d52ef45f99a649920204fd9eb.jpg,"446,1136,565,1283",outer,0.8950628638267517
https://i.pinimg.com/736x/e3/76/ae/e376aef7c23443df26dd9c95e20024a1.jpg,http://localhost:8000/images/1a1153f128534686ad9e187e3bc19db5.jpg,"250,2,360,500",top,0.6873148679733276
https://i.pinimg.com/736x/62/eb/e6/62ebe6ed50c2086465c91f0f5ecae292.jpg,http://localhost:8000/images/eeed8247f1534de9978338fb05967fb9.jpg,"280,594,483,1069",bottom,0.9565075039863586
https://i.pinimg.com/736x/62/eb/e6/62ebe6ed50c2086465c91f0f5ecae292.jpg,http://localhost:8000/images/2febbeb41962437687cd083651a3bc3b.jpg,"282,1055,366,1116",outer,0.9256458282470703
https://i.pinimg.com/736x/62/eb/e6/62ebe6ed50c2086465c91f0f5ecae292.jpg,http://localhost:8000/images/dcacf7ff41404193b39f898f5eef507a.jpg,"390,1058,451,1125",outer,0.9084937572479248
https://i.pinimg.com/736x/62/eb/e6/62ebe6ed50c2086465c91f0f5ecae292.jpg,http://localhost:8000/images/578842fbe1f84188bfd9da30a8df1e35.jpg,"231,649,339,939",bag,0.7663524150848389
https://i.pinimg.com/736x/62/eb/e6/62ebe6ed50c2086465c91f0f5ecae292.jpg,http://localhost:8000/images/2ec79f805b5e41e9bcc535b37e8b94a6.jpg,"287,251,418,618",top,0.7395250201225281
https://i.pinimg.com/736x/62/eb/e6/62ebe6ed50c2086465c91f0f5ecae292.jpg,http://localhost:8000/images/af223940ba69497b8e5527c9a74e6a33.jpg,"195,250,559,629",shoes,0.6602771282196045
https://i.pinimg.com/736x/62/eb/e6/62ebe6ed50c2086465c91f0f5ecae292.jpg,http://localhost:8000/images/fdc14af2ef8c40a2838b41a1179f35d6.jpg,"333,112,436,181",hat,0.5719843506813049
https://i.pinimg.com/736x/78/57/02/785702f7435b2a05eab181b726976c2c.jpg,http://localhost:8000/images/3f5d49b9bd1e4faeac8ba8223a37d14e.jpg,"249,720,315,800",outer,0.9110618829727173
https://i.pinimg.com/736x/78/57/02/785702f7435b2a05eab181b726976c2c.jpg,http://localhost:8000/images/11c84b11c257426b8345efae57f67165.jpg,"217,764,274,835",outer,0.9043187499046326
https://i.pinimg.com/736x/78/57/02/785702f7435b2a05eab181b726976c2c.jpg,http://localhost:8000/images/dcc84c40cd164465b576d2579efbf9f5.jpg,"186,395,372,574",bottom,0.8861306309700012
https://i.pinimg.com/736x/78/57/02/785702f7435b2a05eab181b726976c2c.jpg,http://localhost:8000/images/ed0af3325f8648578dad6fe3bdebd2b4.jpg,"111,114,389,449",top,0.8649799823760986
https://i.pinimg.com/736x/ce/91/5f/ce915f296ccff74e0f96f01462cd085c.jpg,http://localhost:8000/images/80b3ba4f606849eebaa301483716eb91.jpg,"281,1189,416,1254",outer,0.8750333786010742
https://i.pinimg.com/736x/ce/91/5f/ce915f296ccff74e0f96f01462cd085c.jpg,http://localhost:8000/images/951fa9afd49543fcbeb21a899bb85138.jpg,"397,1205,486,1290",outer,0.869166374206543
https://i.pinimg.com/736x/ce/91/5f/ce915f296ccff74e0f96f01462cd085c.jpg,http://localhost:8000/images/c424764320254d79a36344217dd6777a.jpg,"445,392,617,791",bag,0.8146210312843323
https://i.pinimg.com/736x/ce/91/5f/ce915f296ccff74e0f96f01462cd085c.jpg,http://localhost:8000/images/1a40c97234b74972ab6f67fff6d17942.jpg,"297,733,498,1231",bottom,0.8071410655975342
https://i.pinimg.com/736x/0d/df/20/0ddf207e792745d075901b0c3902db3b.jpg,http://localhost:8000/images/efb7c47ef64d414093c3fbebe0b11a4b.jpg,"251,419,509,919",bottom,0.9190037250518799
https://i.pinimg.com/736x/0d/df/20/0ddf207e792745d075901b0c3902db3b.jpg,http://localhost:8000/images/fbdb2e6fb78c4fdcb87577d6b3ef1f4b.jpg,"302,913,361,978",outer,0.9113444089889526
https://i.pinimg.com/736x/0d/df/20/0ddf207e792745d075901b0c3902db3b.jpg,http://localhost:8000/images/b09ab4729afb45198c9cb21904f2604a.jpg,"405,822,460,908",outer,0.9042778015136719
https://i.pinimg.com/736x/0d/df/20/0ddf207e792745d075901b0c3902db3b.jpg,http://localhost:8000/images/6633ef1cc50b4b4b96ad51ff5b8b55b6.jpg,"145,36,538,433",shoes,0.48877769708633423
https://i.pinimg.com/736x/0d/df/20/0ddf207e792745d075901b0c3902db3b.jpg,http://localhost:8000/images/0250ddbc387e4959b6668edc2bd5da01.jpg,"256,398,451,438",top,0.41015860438346863
https://i.pinimg.com/736x/4a/f0/b1/4af0b11afd201ff60768232f8d480543.jpg,http://localhost:8000/images/4507962750794183829f1465d230da0a.jpg,"311,1044,394,1165",outer,0.9242804646492004
https://i.pinimg.com/736x/4a/f0/b1/4af0b11afd201ff60768232f8d480543.jpg,http://localhost:8000/images/416aac412f1d405db86e769f5b2ede83.jpg,"238,1115,323,1264",outer,0.9241165518760681
https://i.pinimg.com/736x/4a/f0/b1/4af0b11afd201ff60768232f8d480543.jpg,http://localhost:8000/images/4ae1267f83d2405cb55085d139f2d628.jpg,"216,627,417,1158",bottom,0.8996726274490356
https://i.pinimg.com/736x/4a/f0/b1/4af0b11afd201ff60768232f8d480543.jpg,http://localhost:8000/images/0172b9af13d64f35b242ec1526220a1a.jpg,"154,283,473,688",shoes,0.7463912963867188
https://i.pinimg.com/736x/4a/f0/b1/4af0b11afd201ff60768232f8d480543.jpg,http://localhost:8000/images/551d82152acd4fada53fb6b5a0fbb470.jpg,"307,320,382,634",top,0.5100229978561401
https://i.pinimg.com/736x/32/f4/d4/32f4d4f5b5e70e377fd582c3ad44a090.jpg,http://localhost:8000/images/eead9b3529a043718d21b8432b02feee.jpg,"449,882,567,932",outer,0.9189239740371704
https://i.pinimg.com/736x/32/f4/d4/32f4d4f5b5e70e377fd582c3ad44a090.jpg,http://localhost:8000/images/2f02e8d5097a4b758510dc9b74525cf0.jpg,"303,862,412,943",outer,0.913216233253479
https://i.pinimg.com/736x/32/f4/d4/32f4d4f5b5e70e377fd582c3ad44a090.jpg,http://localhost:8000/images/755694dac1844ff182a80362790cd19f.jpg,"322,630,523,892",bottom,0.8930778503417969
https://i.pinimg.com/736x/32/f4/d4/32f4d4f5b5e70e377fd582c3ad44a090.jpg,http://localhost:8000/images/579030dfdbfe49648adfb1f74b5c404d.jpg,"374,360,533,639",top,0.7598066926002502
https://i.pinimg.com/736x/cb/98/c1/cb98c136b57922cfc778f621f4aec1d4.jpg,http://localhost:8000/images/8f8a20bb6aed4128aabc5f3a46771c9e.jpg,"381,1123,470,1209",outer,0.9167397618293762
https://i.pinimg.com/736x/cb/98/c1/cb98c136b57922cfc778f621f4aec1d4.jpg,http://localhost:8000/images/80f531738df645ae93df3eea3b29f22c.jpg,"230,543,475,1133",bottom,0.910487949848175
https://i.pinimg.com/736x/cb/98/c1/cb98c136b57922cfc778f621f4aec1d4.jpg,http://localhost:8000/images/96d7706c67d146c99b38eeda70b8c21d.jpg,"287,1046,381,1134",outer,0.893581211566925
https://i.pinimg.com/736x/cb/98/c1/cb98c136b57922cfc778f621f4aec1d4.jpg,http://localhost:8000/images/c49e1593ef0a45b1b9b5d1cf58bb79fe.jpg,"152,202,555,613",top,0.8792120814323425
https://i.pinimg.com/736x/cb/98/c1/cb98c136b57922cfc778f621f4aec1d4.jpg,http://localhost:8000/images/e2d9f1e26ea645bc887077735eb0f727.jpg,"245,87,359,197",hat,0.8531044125556946
https://i.pinimg.com/736x/04/a1/4d/04a14d843479a53987b3fdbc23670565.jpg,http://localhost:8000/images/d8ea748152d04f62a10059f1cdccb2bd.jpg,"356,724,394,784",outer,0.9207205176353455
https://i.pinimg.com/736x/04/a1/4d/04a14d843479a53987b3fdbc23670565.jpg,http://localhost:8000/images/fbf9caa93e374e95884fd88c557dabb4.jpg,"333,669,366,732",outer,0.8918654322624207
https://i.pinimg.com/736x/04/a1/4d/04a14d843479a53987b3fdbc23670565.jpg,http://localhost:8000/images/27757f74d756453397b1613ce68da88c.jpg,"288,399,429,733",bottom,0.8578991293907166
https://i.pinimg.com/736x/04/a1/4d/04a14d843479a53987b3fdbc23670565.jpg,http://localhost:8000/images/aa9315ba3766442a9e2ea4ec764ce8cf.jpg,"270,235,474,413",top,0.7917182445526123
https://i.pinimg.com/736x/04/a1/4d/04a14d843479a53987b3fdbc23670565.jpg,http://localhost:8000/images/522929cdb5a74e2d90cdfede9d9d9731.jpg,"243,467,299,536",bag,0.7493069767951965
https://i.pinimg.com/736x/14/09/2a/14092aac720dd9effa9a532ca6b84e30.jpg,http://localhost:8000/images/6c0d5b6100ba49f2be6c4f547fecaf81.jpg,"522,1098,603,1221",outer,0.8715031147003174
https://i.pinimg.com/736x/14/09/2a/14092aac720dd9effa9a532ca6b84e30.jpg,http://localhost:8000/images/467c61f431fb44ecb0a67fa97e3c685a.jpg,"82,1177,267,1279",outer,0.791831374168396
https://i.pinimg.com/736x/14/09/2a/14092aac720dd9effa9a532ca6b84e30.jpg,http://localhost:8000/images/624d18ff98904a4da2d33cfd6b431a38.jpg,"195,612,610,1206",bottom,0.757865309715271
https://i.pinimg.com/736x/14/09/2a/14092aac720dd9effa9a532ca6b84e30.jpg,http://localhost:8000/images/e3627c28079e4283ac020aafe4a5fa54.jpg,"235,171,512,686",top,0.474187970161438
https://i.pinimg.com/736x/c4/dd/58/c4dd584795e3422bb6005f0c4f69186a.jpg,http://localhost:8000/images/d998c3683c404989b4f64bc14713dc51.jpg,"122,360,150,388",outer,0.9261433482170105
https://i.pinimg.com/736x/c4/dd/58/c4dd584795e3422bb6005f0c4f69186a.jpg,http://localhost:8000/images/a1224889de234712a25336fcc60dd62f.jpg,"73,172,153,363",bottom,0.9067280292510986
https://i.pinimg.com/736x/c4/dd/58/c4dd584795e3422bb6005f0c4f69186a.jpg,http://localhost:8000/images/6218082753b94580b85b3a866e5e7e43.jpg,"91,336,122,364",outer,0.901942253112793
https://i.pinimg.com/736x/c4/dd/58/c4dd584795e3422bb6005f0c4f69186a.jpg,http://localhost:8000/images/d0786f29e9474192b865bfa84898b0e7.jpg,"47,63,179,197",top,0.8338729739189148
https://i.pinimg.com/736x/c4/dd/58/c4dd584795e3422bb6005f0c4f69186a.jpg,http://localhost:8000/images/78e00e63f2aa4c5696ac5a935b618790.jpg,"79,26,116,64",hat,0.8156276345252991
https://i.pinimg.com/736x/c2/78/95/c2789530a2dc8c9dbfd4aa5e2e70d608.jpg,http://localhost:8000/images/b8e178edb2994ad986692436abeb632d.jpg,"517,1103,591,1274",outer,0.9408473372459412
https://i.pinimg.com/736x/c2/78/95/c2789530a2dc8c9dbfd4aa5e2e70d608.jpg,http://localhost:8000/images/d86300b6089e45f3a19efbab77b17873.jpg,"400,1145,483,1285",outer,0.9342945218086243
https://i.pinimg.com/736x/c2/78/95/c2789530a2dc8c9dbfd4aa5e2e70d608.jpg,http://localhost:8000/images/c8a352a7db1c4669a5ef5d4528b2fef6.jpg,"205,465,584,1193",bottom,0.9259858727455139
https://i.pinimg.com/736x/ec/e4/5e/ece45e9f25f857e4ceacad8257bd92ea.jpg,http://localhost:8000/images/3699caadecf14eb98a022fafeb40ce95.jpg,"245,538,621,1155",bottom,0.9286176562309265
https://i.pinimg.com/736x/ec/e4/5e/ece45e9f25f857e4ceacad8257bd92ea.jpg,http://localhost:8000/images/3734f2a64fde466e8197334060d53854.jpg,"542,1066,636,1225",outer,0.8883264660835266
https://i.pinimg.com/736x/ec/e4/5e/ece45e9f25f857e4ceacad8257bd92ea.jpg,http://localhost:8000/images/b23e6ef58175437aae8b095b3eafd631.jpg,"147,1176,322,1276",outer,0.8755264282226562
https://i.pinimg.com/736x/ec/e4/5e/ece45e9f25f857e4ceacad8257bd92ea.jpg,http://localhost:8000/images/6e998d4a53db46d38fd85a92f64a6503.jpg,"238,164,620,561",top,0.8515810370445251
https://i.pinimg.com/736x/68/f3/f5/68f3f5da52155e9649a985583cd383e3.jpg,http://localhost:8000/images/089fff856ad345f481737a6743c52617.jpg,"218,474,512,857",top,0.7771643400192261
https://i.pinimg.com/736x/68/f3/f5/68f3f5da52155e9649a985583cd383e3.jpg,http://localhost:8000/images/4f84f19913604d1fa947209ef7af88ad.jpg,"160,733,560,1001",bottom,0.5822436809539795
https://i.pinimg.com/736x/91/89/bd/9189bd75b072d48b44fc9060c8dd1dfa.jpg,http://localhost:8000/images/9fbd96f80687457fae91cd0bb91db4fb.jpg,"140,56,507,653",top,0.45492053031921387
https://i.pinimg.com/736x/bf/2a/0b/bf2a0bb7521bdb779198c0f7bf303f23.jpg,http://localhost:8000/images/9d3fa06bd1fb435082b0aa44d9a05ecc.jpg,"90,960,167,1098",outer,0.9381789565086365
https://i.pinimg.com/736x/bf/2a/0b/bf2a0bb7521bdb779198c0f7bf303f23.jpg,http://localhost:8000/images/25fb9a91a2d748929ce71c286b0e19d7.jpg,"196,836,260,1001",outer,0.8953928351402283
https://i.pinimg.com/736x/bf/2a/0b/bf2a0bb7521bdb779198c0f7bf303f23.jpg,http://localhost:8000/images/5ddf99dd28e1469cb251d307488f6827.jpg,"95,442,345,977",bottom,0.8653280735015869
https://i.pinimg.com/736x/bf/2a/0b/bf2a0bb7521bdb779198c0f7bf303f23.jpg,http://localhost:8000/images/5247e97a1e9c45888b9e7f8a51bb905a.jpg,"58,160,430,504",shoes,0.6064799427986145
https://i.pinimg.com/736x/bf/2a/0b/bf2a0bb7521bdb779198c0f7bf303f23.jpg,http://localhost:8000/images/6980d47f22c84ce98fdcaf7a34edce49.jpg,"119,153,271,474",unknown,0.0
https://i.pinimg.com/736x/ea/da/a9/eadaa9a0690f28849b0b7ebe946b7370.jpg,http://localhost:8000/images/60b8cdad48b0443fa9186e763178bf08.jpg,"108,352,248,630",bottom,0.9126302599906921
https://i.pinimg.com/736x/ea/da/a9/eadaa9a0690f28849b0b7ebe946b7370.jpg,http://localhost:8000/images/b61d4c7dfa7c412a9ca0910e107be3d6.jpg,"171,624,214,698",outer,0.9061694145202637
https://i.pinimg.com/736x/ea/da/a9/eadaa9a0690f28849b0b7ebe946b7370.jpg,http://localhost:8000/images/b0a7743be3984b56b079426b4f20c53b.jpg,"142,551,179,651",outer,0.873153567314148
https://i.pinimg.com/736x/ea/da/a9/eadaa9a0690f28849b0b7ebe946b7370.jpg,http://localhost:8000/images/b4fb17bde06d4eafaffb9895fefb2d20.jpg,"64,92,308,418",top,0.4327933192253113
https://i.pinimg.com/736x/25/e9/55/25e955cf0848fba7075da3816ad10fed.jpg,http://localhost:8000/images/0910dff0415148c4b1cd6410f159d3a6.jpg,"260,1130,366,1205",outer,0.9288695454597473
https://i.pinimg.com/736x/25/e9/55/25e955cf0848fba7075da3816ad10fed.jpg,http://localhost:8000/images/0ed4b69e1d9c4adab4f743b8d819bc45.jpg,"242,640,480,1197",bottom,0.902050256729126
https://i.pinimg.com/736x/25/e9/55/25e955cf0848fba7075da3816ad10fed.jpg,http://localhost:8000/images/7974fb76e1a44b7fbeccf36ec04c7a32.jpg,"416,1171,483,1248",outer,0.8920379281044006
https://i.pinimg.com/736x/25/e9/55/25e955cf0848fba7075da3816ad10fed.jpg,http://localhost:8000/images/544bbb2973ae47b58444b1e8028c7d0f.jpg,"195,282,482,705",shoes,0.8532487750053406
https://i.pinimg.com/736x/25/e9/55/25e955cf0848fba7075da3816ad10fed.jpg,http://localhost:8000/images/f131c782d2db48d29b83330e7b4aed95.jpg,"301,327,358,410",top,0.5626930594444275
https://i.pinimg.com/736x/3d/17/77/3d1777482bafb9433d72791062b8e830.jpg,http://localhost:8000/images/21bec8e217df4303a53b09637145b065.jpg,"344,1174,454,1271",outer,0.9382743239402771
https://i.pinimg.com/736x/3d/17/77/3d1777482bafb9433d72791062b8e830.jpg,http://localhost:8000/images/72c442f80ac0463c82a30330a4e561a9.jpg,"195,1259,275,1369",outer,0.9185633659362793
https://i.pinimg.com/736x/3d/17/77/3d1777482bafb9433d72791062b8e830.jpg,http://localhost:8000/images/9518c8d459264255a6b9e33cf3a1509a.jpg,"179,798,469,1268",bottom,0.8709037899971008
https://i.pinimg.com/736x/3d/17/77/3d1777482bafb9433d72791062b8e830.jpg,http://localhost:8000/images/633e410690f04641ba5641a46b408e3d.jpg,"180,357,559,849",top,0.5658146142959595
https://i.pinimg.com/736x/3d/17/77/3d1777482bafb9433d72791062b8e830.jpg,http://localhost:8000/images/dad3506efee1421eacb4946b27e4c15b.jpg,"252,175,402,330",hat,0.4389950633049011
https://i.pinimg.com/736x/3b/43/e3/3b43e3483e8ff72dd9d1e346e9cb9640.jpg,http://localhost:8000/images/41b40eba2a92473a8303dd9462eecf1c.jpg,"139,161,379,623",bottom,0.9289697408676147
https://i.pinimg.com/736x/3b/43/e3/3b43e3483e8ff72dd9d1e346e9cb9640.jpg,http://localhost:8000/images/4b4f8ea34a2442d69aec68cc1a950770.jpg,"256,606,367,687",outer,0.9003621339797974
https://i.pinimg.com/736x/3b/43/e3/3b43e3483e8ff72dd9d1e346e9cb9640.jpg,http://localhost:8000/images/cecee7abca714ff3be524efa168f678c.jpg,"173,3,365,218",top,0.8189288377761841
https://i.pinimg.com/736x/3b/43/e3/3b43e3483e8ff72dd9d1e346e9cb9640.jpg,http://localhost:8000/images/a5635192bfd244f9a71906f8fdccb612.jpg,"117,0,480,188",shoes,0.8071218729019165
https://i.pinimg.com/736x/3b/43/e3/3b43e3483e8ff72dd9d1e346e9cb9640.jpg,http://localhost:8000/images/727e96e9e5de4b93ae9dd5bdda5d2bfb.jpg,"109,616,224,695",outer,0.534612774848938
https://i.pinimg.com/736x/18/b8/84/18b884dfa388d513fb190abb8c0b0683.jpg,http://localhost:8000/images/ea6d4e16eec442238a79692ff8afaaf4.jpg,"111,1046,200,1243",outer,0.9483886957168579
https://i.pinimg.com/736x/18/b8/84/18b884dfa388d513fb190abb8c0b0683.jpg,http://localhost:8000/images/77714c8152ed4675a258177d87e4396c.jpg,"174,627,433,1215",bottom,0.9014584422111511
https://i.pinimg.com/736x/18/b8/84/18b884dfa388d513fb190abb8c0b0683.jpg,http://localhost:8000/images/b90d847429d743848c2410e3184c00a3.jpg,"359,1199,497,1300",outer,0.8709180951118469
https://i.pinimg.com/736x/18/b8/84/18b884dfa388d513fb190abb8c0b0683.jpg,http://localhost:8000/images/f7ae0b552c9d4ae188c36b9c1f9572f6.jpg,"73,225,480,647",top,0.6654190421104431
https://i.pinimg.com/736x/5d/6a/85/5d6a859747ec8cb43a192d75a5277cfc.jpg,http://localhost:8000/images/660db91f5bd444168a54a5210f684d09.jpg,"152,854,258,940",outer,0.9155056476593018
https://i.pinimg.com/736x/5d/6a/85/5d6a859747ec8cb43a192d75a5277cfc.jpg,http://localhost:8000/images/67e0142d3dd040088f284a12f20c5510.jpg,"9,538,459,913",bottom,0.9009798169136047
https://i.pinimg.com/736x/5d/6a/85/5d6a859747ec8cb43a192d75a5277cfc.jpg,http://localhost:8000/images/e83d9ff14ff348cebfd8bf7cc92f550a.jpg,"334,369,562,611",top,0.8755553960800171
https://i.pinimg.com/736x/5d/6a/85/5d6a859747ec8cb43a192d75a5277cfc.jpg,http://localhost:8000/images/eef4df3ce58a445e8668a279eaa5e0a8.jpg,"2,889,101,964",outer,0.5544953942298889
https://i.pinimg.com/736x/5d/6a/85/5d6a859747ec8cb43a192d75a5277cfc.jpg,http://localhost:8000/images/de76788457c647999a4d0bc844a5e5b2.jpg,"276,859,309,905",outer,0.4446108341217041
https://i.pinimg.com/736x/28/a1/88/28a188a54ae844a4c336451e69b473bc.jpg,http://localhost:8000/images/56f2dcdbb06347638970e5d3400a80a6.jpg,"377,1163,498,1277",outer,0.9200832843780518
https://i.pinimg.com/736x/28/a1/88/28a188a54ae844a4c336451e69b473bc.jpg,http://localhost:8000/images/6d8b02b640464d3b955644e4f7655c8b.jpg,"187,252,527,624",top,0.9061064720153809
https://i.pinimg.com/736x/28/a1/88/28a188a54ae844a4c336451e69b473bc.jpg,http://localhost:8000/images/dbf7b363b70a4d5aa610610002f658a1.jpg,"210,1116,294,1254",outer,0.9112138152122498
https://i.pinimg.com/736x/28/a1/88/28a188a54ae844a4c336451e69b473bc.jpg,http://localhost:8000/images/a213fada8b5c447e9614016b8b8e9d57.jpg,"206,603,484,875",bottom,0.8529788851737976
https://i.pinimg.com/736x/7e/90/6b/7e906b4678c028e707e2b98f35f2a13b.jpg,http://localhost:8000/images/b4e55a48f6b14db3ad4ddb12b32de0b7.jpg,"114,615,197,677",outer,0.9219317436218262
https://i.pinimg.com/736x/7e/90/6b/7e906b4678c028e707e2b98f35f2a13b.jpg,http://localhost:8000/images/689926653da04320a77b5ff78f0ca57b.jpg,"229,623,268,676",outer,0.9019134044647217
https://i.pinimg.com/736x/7e/90/6b/7e906b4678c028e707e2b98f35f2a13b.jpg,http://localhost:8000/images/545ecbbf934244fb94ebdd405895aa4a.jpg,"139,331,295,449",bottom,0.8617690205574036
https://i.pinimg.com/736x/3d/61/d8/3d61d81c87c665236a7f35e323920db6.jpg,http://localhost:8000/images/675643c02825462f81684792d02bc2d6.jpg,"194,337,555,821",shoes,0.8968498706817627
https://i.pinimg.com/736x/3d/61/d8/3d61d81c87c665236a7f35e323920db6.jpg,http://localhost:8000/images/ccd969c089f54721ba6f24fbaecf4d04.jpg,"243,341,504,761",top,0.8318745493888855
https://i.pinimg.com/736x/3d/61/d8/3d61d81c87c665236a7f35e323920db6.jpg,http://localhost:8000/images/5d3385f9a26f4ae3849b426bf121227d.jpg,"304,200,422,273",hat,0.8253771662712097
https://i.pinimg.com/736x/3d/61/d8/3d61d81c87c665236a7f35e323920db6.jpg,http://localhost:8000/images/f30400eb7528437ca3e69c3df93f5af8.jpg,"271,727,506,991",bottom,0.7958195209503174
https://i.pinimg.com/736x/60/e0/01/60e0016f12565558187899792fcef4dd.jpg,http://localhost:8000/images/a0cfae40a862426a866d99d29de29dc1.jpg,"255,353,483,767",top,0.8904065489768982
https://i.pinimg.com/736x/60/e0/01/60e0016f12565558187899792fcef4dd.jpg,http://localhost:8000/images/dd0495f4fbc246d395a6f70c66095127.jpg,"267,716,452,966",bottom,0.765228807926178
https://i.pinimg.com/736x/79/c5/b5/79c5b5668da3fb5e3aa020a372708ed4.jpg,http://localhost:8000/images/cc9252388d6c4f639399c1b2435d62d0.jpg,"265,415,290,456",outer,0.8885200023651123
https://i.pinimg.com/736x/79/c5/b5/79c5b5668da3fb5e3aa020a372708ed4.jpg,http://localhost:8000/images/571762bc494d485cbceee5d9e7c94f40.jpg,"234,465,267,484",outer,0.8863489031791687
https://i.pinimg.com/736x/79/c5/b5/79c5b5668da3fb5e3aa020a372708ed4.jpg,http://localhost:8000/images/b480c27431024a85aff92f713f365914.jpg,"185,92,317,224",top,0.8832487463951111
https://i.pinimg.com/736x/79/c5/b5/79c5b5668da3fb5e3aa020a372708ed4.jpg,http://localhost:8000/images/d88b163708464945870b1316c9adc67f.jpg,"196,223,309,463",bottom,0.8652518391609192
https://i.pinimg.com/736x/53/38/48/533848f310b456488523cd5d7b1af878.jpg,http://localhost:8000/images/72d489ccef474d11b4231818b215ed89.jpg,"187,46,462,498",bag,0.913112461566925
https://i.pinimg.com/736x/53/38/48/533848f310b456488523cd5d7b1af878.jpg,http://localhost:8000/images/c02af1a992e44eb89bd6ee453cc9e275.jpg,"197,933,326,1031",outer,0.8813076615333557
https://i.pinimg.com/736x/53/38/48/533848f310b456488523cd5d7b1af878.jpg,http://localhost:8000/images/b6ce8806954a4379b90905a5a42dc3c3.jpg,"340,1038,446,1158",outer,0.8758299946784973
https://i.pinimg.com/736x/53/38/48/533848f310b456488523cd5d7b1af878.jpg,http://localhost:8000/images/7307c751c70b40ae93db188e7d010c47.jpg,"122,0,573,562",shoes,0.7770711779594421
https://i.pinimg.com/736x/53/38/48/533848f310b456488523cd5d7b1af878.jpg,http://localhost:8000/images/918295703edd4aff9e186480ec9d3583.jpg,"203,450,468,1054",bottom,0.6433069705963135
https://i.pinimg.com/736x/53/38/48/533848f310b456488523cd5d7b1af878.jpg,http://localhost:8000/images/168fa06d5c2743e6aa8d39c12483fc50.jpg,"255,5,411,462",top,0.42895302176475525
https://i.pinimg.com/736x/12/9c/c9/129cc94cc62caa3374bc06c10b485140.jpg,http://localhost:8000/images/30fbd23839ad46dbb94334ee204af9cc.jpg,"1,0,406,460",bottom,0.7538278102874756
https://i.pinimg.com/736x/12/9c/c9/129cc94cc62caa3374bc06c10b485140.jpg,http://localhost:8000/images/6fe0cae03dc841ca8aa6f770c7d7e3be.jpg,"335,272,512,627",outer,0.47581544518470764
https://i.pinimg.com/736x/d3/ad/88/d3ad88f0b84c55def1d37bc862ed99e3.jpg,http://localhost:8000/images/f0432b9901c541fe923cb1e90f4e3dde.jpg,"258,451,436,847",bottom,0.9253008365631104
https://i.pinimg.com/736x/d3/ad/88/d3ad88f0b84c55def1d37bc862ed99e3.jpg,http://localhost:8000/images/3e2f6f80a32f4580b1a0ba1049855817.jpg,"239,834,297,958",outer,0.9174198508262634
https://i.pinimg.com/736x/d3/ad/88/d3ad88f0b84c55def1d37bc862ed99e3.jpg,http://localhost:8000/images/3973b0f1c06e4d7cb5d4df63fe8c477b.jpg,"297,795,385,876",outer,0.9123993515968323
https://i.pinimg.com/736x/d3/ad/88/d3ad88f0b84c55def1d37bc862ed99e3.jpg,http://localhost:8000/images/47b8e40113824365a575f02c65fe2b5a.jpg,"269,135,522,497",top,0.7537113428115845
https://i.pinimg.com/736x/67/ea/04/67ea04a8b01cd0aed6a070eea2165a8d.jpg,http://localhost:8000/images/e6125a1a2ff041e3af0f2c55ccca5eaa.jpg,"160,116,390,693",bottom,0.9689818024635315
https://i.pinimg.com/736x/67/ea/04/67ea04a8b01cd0aed6a070eea2165a8d.jpg,http://localhost:8000/images/68519b2519ea47d68b7a6f8cde7872fc.jpg,"273,688,359,764",outer,0.9408773183822632
https://i.pinimg.com/736x/67/ea/04/67ea04a8b01cd0aed6a070eea2165a8d.jpg,http://localhost:8000/images/cc910255c0314ffa840fb2cdc079d709.jpg,"228,625,286,711",outer,0.857486367225647
https://i.pinimg.com/736x/67/ea/04/67ea04a8b01cd0aed6a070eea2165a8d.jpg,http://localhost:8000/images/c4cc12b2379047bea6d8c5ec00513da2.jpg,"121,2,442,122",top,0.819489061832428
https://i.pinimg.com/736x/a2/85/1e/a2851ef334dd55d2a95954ffc0991352.jpg,http://localhost:8000/images/19b7a9ef9473492b917deb324ddc44fc.jpg,"160,872,261,955",outer,0.8760852217674255
https://i.pinimg.com/736x/a2/85/1e/a2851ef334dd55d2a95954ffc0991352.jpg,http://localhost:8000/images/64a83c224dee428ba70bf9432dd0ca10.jpg,"83,33,416,705",shoes,0.8537508845329285
https://i.pinimg.com/736x/a2/85/1e/a2851ef334dd55d2a95954ffc0991352.jpg,http://localhost:8000/images/908d87959eae48fa81f6562f0534867e.jpg,"268,881,345,967",outer,0.8749462962150574
https://i.pinimg.com/736x/a2/85/1e/a2851ef334dd55d2a95954ffc0991352.jpg,http://localhost:8000/images/8e294850193c4c24b3b6cc1874aac3a3.jpg,"126,330,255,888",bottom,0.5393486618995667
https://i.pinimg.com/736x/a2/85/1e/a2851ef334dd55d2a95954ffc0991352.jpg,http://localhost:8000/images/4a74d75efb94455093abbc425941c0bb.jpg,"120,32,322,420",top,0.4740874767303467
https://i.pinimg.com/736x/95/cf/aa/95cfaaa7ea0ab4e9cab3c3b45abb2e5e.jpg,http://localhost:8000/images/b693f7780e4d4bdd9d78bf6c2e2a2d36.jpg,"223,487,310,535",outer,0.9461449384689331
https://i.pinimg.com/736x/95/cf/aa/95cfaaa7ea0ab4e9cab3c3b45abb2e5e.jpg,http://localhost:8000/images/a1ca3b0957714547873eb7a7f81e5d2b.jpg,"77,75,199,231",top,0.9327237010002136
https://i.pinimg.com/736x/95/cf/aa/95cfaaa7ea0ab4e9cab3c3b45abb2e5e.jpg,http://localhost:8000/images/6e6f42cbaa614bb694cbbb967f3b14f5.jpg,"73,529,156,570",outer,0.9247414469718933
https://i.pinimg.com/736x/95/cf/aa/95cfaaa7ea0ab4e9cab3c3b45abb2e5e.jpg,http://localhost:8000/images/1a861a7d27284f94989c0044f3809d47.jpg,"71,224,266,538",bottom,0.9132785797119141
https://i.pinimg.com/736x/95/cf/aa/95cfaaa7ea0ab4e9cab3c3b45abb2e5e.jpg,http://localhost:8000/images/cd53af3187004276a4dbf20ab58ac21a.jpg,"155,28,222,101",hat,0.7551351189613342
https://i.pinimg.com/736x/d7/89/a0/d789a013b59fc921ed369440fb7962c0.jpg,http://localhost:8000/images/891784cab35349fea9a7bc513f7b00b1.jpg,"227,709,327,794",outer,0.9493677616119385
https://i.pinimg.com/736x/d7/89/a0/d789a013b59fc921ed369440fb7962c0.jpg,http://localhost:8000/images/31f4b8783154421dbc1244d8251ac143.jpg,"115,364,322,754",bottom,0.930197536945343
https://i.pinimg.com/736x/d7/89/a0/d789a013b59fc921ed369440fb7962c0.jpg,http://localhost:8000/images/c138ce63d012410e88f239099fc39463.jpg,"145,741,201,845",outer,0.9097915291786194
https://i.pinimg.com/736x/d7/89/a0/d789a013b59fc921ed369440fb7962c0.jpg,http://localhost:8000/images/546cfa8e043342c7960614f22a223b42.jpg,"179,13,297,383",top,0.7676465511322021
https://i.pinimg.com/736x/d7/89/a0/d789a013b59fc921ed369440fb7962c0.jpg,http://localhost:8000/images/d7891db5afad40dfb71bdc5ec62ca2dc.jpg,"67,4,362,443",shoes,0.42991283535957336
